underlying_name,id,symbol,rows,no_trade_rate,mean_volume,median_value,mean_hl_spread,mean_amihud,lob_days,mean_rel_spread,median_depth
اهرم,66046912715531,ضهرم3025,98,0.6326530612244898,25464.479591836734,0.0,0.27262046892561853,2.7776622067282085e-05,1,1.4628548419569156,1609.5
اهرم,242237343005473,طهرم3029,98,0.8979591836734694,20681.683673469386,0.0,0.3866775428979324,9.999380478645877e-06,0,,
اهرم,314426943408035,ضهرم0132,117,0.717948717948718,6401.957264957265,0.0,0.22730020993626873,3.030862104431839e-06,7,1.2138194051678908,152.0
اهرم,358972276573533,ضهرم1122,105,0.3238095238095238,1738.0857142857142,239912000.0,0.16513218102717345,1.4068543056437248e-05,2,1.6880257113457784,203.75
اهرم,436022019237590,ضهرم0136,117,0.5897435897435898,2245.5811965811968,0.0,0.29502141474882015,1.8957161554927103e-06,7,1.7185404187132642,54.0
اهرم,643036005369217,طهرم2016,98,0.5204081632653061,67862.48979591837,0.0,0.4296314774921015,2.1255561888302554e-05,0,,
اهرم,1045459295874171,طهرم2015,98,0.5408163265306123,7198.102040816327,0.0,0.5843341621373142,3.653436814262732e-07,0,,
اهرم,1072594867110612,طهرم3011,103,0.970873786407767,0.06796116504854369,0.0,0.0,0.00017777777777777779,0,,
اهرم,1159774479861052,ضهرم7046,57,0.017543859649122806,17658.78947368421,42217794000.0,0.21982040872836892,1.945184892812737e-08,7,0.04267653828270875,249.0
اهرم,1297661069994378,طهرم1127,38,0.05263157894736842,37236.21052631579,94133590500.0,0.33049759963335607,7.67964454498096e-09,6,0.023820065362722066,343.75
اهرم,1358103489429701,طهرم6029,102,0.5294117647058824,1290.8529411764705,0.0,0.155702108761924,1.0397026387165674e-05,0,,
اهرم,1885245589051719,طهرم9019,103,0.49514563106796117,19635.59223300971,6590000.0,0.5409201678307936,1.9228140710840948e-05,3,1.889552929829892,114.0
اهرم,1971624165613401,طهرم3031,98,0.9489795918367347,18.081632653061224,0.0,0.255342435309298,9.999481200050635e-05,0,,
اهرم,2490583367368706,طهرم6034,102,0.9607843137254902,0.11764705882352941,0.0,0.023809523809523808,0.00024999237440655203,0,,
اهرم,2844510337092383,ضهرم2023,98,0.5408163265306123,83.48979591836735,0.0,0.12581485128826442,2.2221345921716367e-05,7,0.4739662519592879,117.0
اهرم,2856551066420935,طهرم4015,98,0.6428571428571429,2999.7244897959185,0.0,0.615059988630745,1.4456912430549783e-05,0,,
اهرم,3091080135295837,ضهرم6037,29,0.5517241379310345,39.13793103448276,0.0,0.1543966554545828,6.994813048809178e-06,4,0.3929964452025555,41.5
اهرم,3139889859629827,طهرم2012,98,0.9795918367346939,2.5510204081632653,0.0,0.0,0.0,0,,
اهرم,3204302215526267,طهرم1023,100,0.5,17318.73,1000000.0,0.5501850424285377,5.003680632783933e-06,3,1.9270358964219847,102.0
اهرم,3211030207448646,ضهرم0131,117,0.6324786324786325,4163.940170940171,0.0,0.18915982545075305,1.938727060025421e-06,7,1.2241970172919048,861.0
اهرم,3227273770068398,ضهرم3011,103,0.21359223300970873,199.7766990291262,555057000.0,0.07023593803493648,1.1226455705907724e-06,5,0.4284716370899302,31.0
اهرم,3347779590635452,ضهرم7036,102,0.1568627450980392,63328.87254901961,3455550000.0,0.33356802747130415,4.1768139129923765e-08,7,0.20512035431697087,110.0
اهرم,3588676268840746,ضهرم1029,16,0.0,170081.5625,378346885500.0,0.6418044760400461,3.2457005992557165e-11,8,0.20101920281390628,1204.5
اهرم,3610329689239174,ضهرم0123,70,0.4142857142857143,33783.328571428574,40305000.0,0.5568284480323623,2.4386349125528163e-05,0,,
اهرم,3729523725493580,ضهرم4023,79,0.6582278481012658,4385.101265822785,0.0,0.181758765454569,6.407137771859252e-08,6,0.19896660598245572,171.75
اهرم,3840234761219367,ضهرم1120,105,0.2571428571428571,614.8761904761905,596942000.0,0.10375985471885507,1.2814381770484825e-05,1,1.6357025995273586,711.0
اهرم,4004388680657267,ضهرم0113,93,0.6989247311827957,9.924731182795698,0.0,0.021142810669898333,6.175697761126418e-07,2,1.9758066504289462,174.5
اهرم,4124452253897536,ضهرم9021,103,0.1553398058252427,44156.087378640776,781450000.0,0.40346060397225497,1.1511242059830263e-05,7,1.65367450504626,451.0
اهرم,4129260625370116,ضهرم7041,102,0.3627450980392157,366.46078431372547,1634000.0,0.4915258615930208,3.71252257893542e-07,7,0.5917246545662653,2013.0
اهرم,4145354871965704,طهرم5022,103,0.9902912621359223,0.019417475728155338,0.0,0.0,0.000499927536231884,0,,
اهرم,4179394008695146,ضهرم6029,102,0.5196078431372549,39090.13725490196,0.0,0.5828596849996209,1.700317772374877e-06,0,,
اهرم,4306573301276387,طهرم1017,100,0.53,232.81,0.0,0.4513696039827023,3.145434431697987e-05,3,1.9968075312743998,103.0
اهرم,4477420230579361,طهرم1019,100,0.67,29.71,0.0,0.6039795910895595,3.6878149761790746e-05,4,1.891049845448408,132.5
اهرم,4524833994206415,ضهرم3027,98,0.7142857142857143,54299.5,0.0,0.5378047068579874,4.4658101288863615e-06,3,1.2810387082403512,204.5
اهرم,4533129089365477,ضهرم0115,93,0.8817204301075269,2.10752688172043,0.0,0.025492464546850894,2.27258181555448e-05,2,0.5719608756404285,220.0
اهرم,4653326078614744,طهرم7046,57,0.10526315789473684,28087.473684210527,2907718000.0,0.650553583357257,8.685443637455304e-08,5,1.4091443849538894,556.0
اهرم,4667225914205056,ضهرم1248,137,0.5255474452554745,21.467153284671532,0.0,0.058104716499154115,1.5384888947381956e-05,7,1.0409891141236716,127.5
اهرم,5078475730094392,طهرم1255,137,0.7737226277372263,12286.255474452555,0.0,0.41321973392406514,6.543092743717171e-07,3,1.7288420396253146,20.0
اهرم,5124208618745640,ضهرم1031,4,0.25,54818.75,285326500.0,1.4718368157886024,2.984505201106714e-08,4,0.7559517980017197,2267.75
اهرم,5146497788222540,طهرم1257,137,0.781021897810219,6710.036496350365,0.0,0.24569227415131129,3.332281826935227e-05,0,,
اهرم,5157738816602104,طهرم5031,11,0.6363636363636364,198.0909090909091,0.0,0.6502591523276727,1.3444411333291248e-06,7,1.3529280809862656,108.0
اهرم,5223496086407692,طهرم9022,103,0.6504854368932039,38694.553398058255,0.0,0.35818665421577345,5.669778860563202e-08,0,,
اهرم,5246164107421164,ضهرم1020,100,0.14,263.65,426969000.0,0.07141102287013713,1.1630069172165228e-05,6,0.7930375946584949,222.0
اهرم,5598968249708051,ضهرم1127,38,0.0,103828.28947368421,123542627000.0,0.63632158116851,1.075369942959529e-10,8,0.027614246486747075,554.25
اهرم,5711469994977832,ضهرم1260,83,0.6265060240963856,12455.43373493976,0.0,0.5715452147897117,3.8364885548524686e-08,7,0.32667947355146687,284.0
اهرم,5917080551580748,طهرم1114,105,0.7523809523809524,304.3333333333333,0.0,0.6997650260339705,4.110276184048931e-05,1,1.9932318104906936,104.0
اهرم,6163437750088862,ضهرم1129,26,0.038461538461538464,39979.769230769234,2387627500.0,0.9430772316299075,3.363872728917687e-09,8,0.1987023000064306,825.5
اهرم,6414412694925150,ضهرم4027,79,0.6962025316455697,7092.835443037975,0.0,0.23210618588116758,6.047331507966376e-08,5,0.8846885351386342,201.0
اهرم,6516175861369079,ضهرم6039,29,0.41379310344827586,77.3103448275862,9100000.0,0.12882607274144617,1.2144330780163371e-07,8,0.5062465700940083,66.5
اهرم,6716227078431864,ضهرم4020,98,0.37755102040816324,44526.86734693877,170000000.0,0.3387739822586038,1.6754541631454654e-07,1,1.9984006397441023,110.0
اهرم,6909772749489971,ضهرم2015,98,0.4387755102040816,5530.5,666907500.0,0.1600557598413582,1.8179495278887027e-06,1,1.775111230955912,21.0
اهرم,7272500625536549,ضهرم5016,103,0.11650485436893204,33364.51456310679,1887760000.0,0.28562856367555534,3.6676870611606115e-07,7,0.6764667014758243,140.0
اهرم,7281803575716151,طهرم1027,63,0.20634920634920634,59378.57142857143,9182638000.0,0.40283800844704437,5.8899593806240625e-08,0,,
اهرم,7289360616560476,طهرم6026,102,0.5882352941176471,40554.93137254902,0.0,0.5339513558814691,4.663109914191194e-07,0,,
اهرم,7413427108041852,ضهرم4028,79,0.7088607594936709,42096.898734177215,0.0,0.2804031516975058,1.6218542060515446e-07,6,1.3866787924311872,672.5
اهرم,7601281576818295,طهرم5034,11,0.36363636363636365,499.1818181818182,252337000.0,0.21560778921835658,3.1785925277281883e-06,6,0.4298988702085074,89.25
اهرم,7824762572915144,طهرم6027,102,0.5784313725490197,40647.029411764706,0.0,0.4498521271898979,6.4551720801288e-07,0,,
اهرم,7924980879273200,ضهرم2034,98,0.5204081632653061,620.1122448979592,0.0,0.3481757469851913,2.128548639509733e-06,7,0.7625946556426061,320.0
اهرم,8087683104762883,ضهرم0111,93,0.46236559139784944,49.67741935483871,30929000.0,0.05896015788685952,2.0060003110890005e-07,6,1.6892086305635106,45.5
اهرم,8356618500560464,طهرم7047,57,0.10526315789473684,40355.17543859649,11095201000.0,0.6237108300231327,6.93192317655798e-09,2,0.08681563131725818,351.5
اهرم,8388211109168126,طهرم1117,105,0.9428571428571428,2.466666666666667,0.0,0.0,2.352508758758759e-05,0,,
اهرم,8524937055422928,طهرم3021,103,0.8058252427184466,6.621359223300971,0.0,0.09197584400608691,4.039406862469658e-07,0,,
اهرم,8546590890598583,ضهرم1018,100,0.08,366.5,791712500.0,0.08157345609367893,8.333867218998785e-09,6,0.24820946013593773,136.5
اهرم,8734880282126160,ضهرم6038,29,0.4482758620689655,31.137931034482758,4000000.0,0.0957414286511881,5.6974961278788815e-06,5,0.3693154130882341,69.5
اهرم,8762680660117265,ضهرم8013,88,0.125,4204.022727272727,7597346500.0,0.1632430412946668,3.2573092684173057e-10,7,0.1554041270641852,108.0
اهرم,8898930095586153,ضهرم6028,102,0.12745098039215685,97357.16666666667,2105143000.0,0.3393723329887769,8.644960822918732e-07,5,0.5060955466869405,102.0
اهرم,8947315406793051,ضهرم0114,93,0.6344086021505376,18.795698924731184,0.0,0.038656722652106505,4.902908313591679e-06,3,1.4341763548536555,103.0
اهرم,9538218081776543,ضهرم1116,105,0.5142857142857142,46.40952380952381,0.0,0.041361189188084305,3.336419531740837e-07,0,,
اهرم,9720245617182954,ضهرم1024,100,0.24,15860.55,3945283500.0,0.19920486490639253,1.3041139786754974e-05,5,1.9149852008677926,54.0
اهرم,10166331302919666,ضهرم1125,105,0.37142857142857144,68718.43809523809,1213682000.0,0.29928061764375297,4.969660820636076e-07,3,1.989552602472048,1105.5
اهرم,10304951535800727,ضهرم5019,103,0.3592233009708738,44744.35922330097,66660000.0,0.36829954417961974,2.4546509276450954e-08,0,,
اهرم,11127164889944593,طهرم5027,11,0.7272727272727273,183.45454545454547,0.0,0.24666666666666667,2.4642492404363863e-07,0,,
اهرم,11207358714695236,ضهرم5017,103,0.23300970873786409,57855.71844660194,1355003000.0,0.31833381130747607,7.893575853180279e-08,1,1.9995964894582872,115.0
اهرم,11266877358704193,ضهرم5027,11,0.2727272727272727,47.45454545454545,47000000.0,0.08638454085974434,0.00012499104208338986,0,,
اهرم,11904328092002274,طهرم1247,137,0.8175182481751825,66.85401459854015,0.0,0.7311416118937083,3.3053711565114513e-06,0,,
اهرم,12065179656314493,طهرم0116,93,1.0,0.0,0.0,,,0,,
اهرم,12218508429243623,طهرم3028,98,0.8061224489795918,13730.938775510203,0.0,0.39066412576933474,5.5330537532544876e-08,0,,
اهرم,12362657578082923,ضهرم3014,103,0.33980582524271846,1019.757281553398,528456000.0,0.18426779294327789,1.4699588940308943e-05,0,,
اهرم,12664961322836311,طهرم8018,88,0.23863636363636365,17445.25,595826500.0,0.5419050251431344,1.4921709167827916e-05,0,,
اهرم,12665178472258984,ضهرم5023,103,0.4077669902912621,443.2135922330097,2000000.0,0.43629947712202277,3.3669468444427234e-06,2,1.701545107326481,155.0
اهرم,12998578961084515,طهرم0111,93,1.0,0.0,0.0,,,0,,
اهرم,13073520458900543,ضهرم1015,100,0.16,95.71,247160500.0,0.06137073331078622,2.3814712023168296e-06,0,,
اهرم,13157274243357871,ضهرم7042,102,0.5980392156862745,82.13725490196079,0.0,0.42623739020887064,3.178158877304869e-05,0,,
اهرم,13393245653775665,ضهرم1126,105,0.2857142857142857,163148.48571428572,538300000.0,0.3545064421196989,1.3329065444162473e-05,0,,
اهرم,13865917654059410,ضهرم3029,98,0.7448979591836735,38525.183673469386,0.0,0.6644285899870916,7.416464782457868e-07,5,1.4279923982464013,212.0
اهرم,14279517997974452,طهرم9020,103,0.47572815533980584,33410.45631067961,55950000.0,0.43415682403526823,1.8516571097444245e-05,1,1.9500061873530503,1116.0
اهرم,14450561642482975,ضهرم7047,57,0.017543859649122806,40401.12280701754,82175339000.0,0.26328329467662265,7.00405450229647e-09,0,,
اهرم,14709829877501732,طهرم2011,98,1.0,0.0,0.0,,,0,,
اهرم,14769441843715048,طهرم7043,102,1.0,0.0,0.0,,,0,,
اهرم,14863939040247059,ضهرم5024,103,0.5436893203883495,396.6504854368932,0.0,0.6641024680087867,4.580435354480865e-06,0,,
اهرم,15274373374368498,طهرم0123,70,0.6857142857142857,749.4571428571429,0.0,0.10170352665650832,4.5444489896192854e-05,0,,
اهرم,15442104301634639,ضهرم5015,103,0.22330097087378642,101039.47572815535,1993598000.0,0.25458457293391956,1.088029637621131e-08,0,,
اهرم,15482271722076627,ضهرم1123,105,0.45714285714285713,4984.895238095238,28900000.0,0.23249464572952816,1.9486291092631874e-06,0,,
اهرم,15768481490650461,ضهرم0122,93,0.27956989247311825,71311.80645161291,214312000.0,0.3909672304909947,7.567729443100898e-07,0,,
اهرم,16235806749351169,ضهرم1114,105,0.08571428571428572,117.01904761904763,1024716000.0,0.11225245720776937,1.0323450702805537e-07,0,,
اهرم,16500107627969006,ضهرم9023,103,0.47572815533980584,41423.50485436893,16954000.0,0.4988484576325946,3.6963498144449165e-06,7,1.8781008710493248,206.5
اهرم,16910925452660910,ضهرم1028,63,0.19047619047619047,123721.8253968254,26966602000.0,0.40034202896427135,3.697393126818466e-07,3,1.5382956353171995,1379.5
اهرم,17070956186734606,طهرم0132,117,0.8632478632478633,6792.222222222223,0.0,0.2238811629790002,3.122680523754267e-05,2,1.9738490257141508,122.0
اهرم,17277380593629444,طهرم1126,105,0.5142857142857142,90983.02857142857,0.0,0.35332546551629024,2.4979909157869088e-08,0,,
اهرم,17459585154356016,طهرم1259,83,0.7349397590361446,93.86746987951807,0.0,0.14239498313042104,6.272741325588514e-08,6,0.7946615069039172,81.0
اهرم,18006551998802546,ضهرم0124,70,0.5,10142.1,400000.0,0.6643002499959558,2.8537275577858115e-05,2,1.884735448450102,1508.25
اهرم,18058227717273878,طهرم4025,79,0.7341772151898734,4780.594936708861,0.0,0.6848301419897217,1.3161784464137054e-07,0,,
اهرم,18319385530313680,طهرم1030,16,0.0,320592.5,17731709000.0,0.5057421818261641,1.0385951306290933e-10,8,0.3379846632085778,403.5
اهرم,18550952003471789,ضهرم1019,100,0.51,57.65,0.0,0.055562782720458614,2.0403093555824997e-05,0,,
اهرم,18857032649323551,طهرم9012,103,0.36893203883495146,1372.1747572815534,2000000.0,0.4405518378467834,2.289456729606958e-06,0,,
اهرم,19119603381147142,ضهرم5034,11,0.18181818181818182,5515.363636363636,19045607000.0,0.37878549429398417,8.592549296711103e-08,0,,
اهرم,19155230758003342,طهرم3027,98,0.7959183673469388,12486.224489795919,0.0,0.5596896690241477,1.639920927554704e-07,0,,
اهرم,19163091027032227,طهرم2030,98,0.9387755102040817,0.30612244897959184,0.0,0.0,4.1662376140637356e-05,0,,
اهرم,19359429951377416,طهرم1252,137,0.635036496350365,1767.6131386861314,0.0,0.5326883379844058,6.805408517165761e-06,2,1.6032051282051283,50.5
اهرم,19517878501482490,طهرم7041,102,1.0,0.0,0.0,,,0,,
اهرم,19518574358452264,طهرم5025,11,0.18181818181818182,227.1818181818182,28278000.0,0.32150595183722297,2.6924281528544046e-06,6,0.9939588930383673,671.25
اهرم,19645358659912323,ضهرم1027,63,0.06349206349206349,72592.23809523809,152459635000.0,0.2691633170368563,8.4711148255046e-06,0,,
اهرم,19786287369819846,ضهرم2021,98,0.16326530612244897,16274.214285714286,291053500.0,0.5212708622049882,5.153700171756557e-07,0,,
اهرم,19936365665953565,ضهرم9016,103,0.07766990291262135,1606.9223300970873,1493950000.0,0.16980592319479385,1.053538551909604e-06,0,,
اهرم,20123227921989684,طهرم1022,100,0.42,6451.75,21550000.0,0.6037889362632227,1.73308560028504e-06,4,1.8176357516738364,64.0
اهرم,20305746973390733,ضهرم5029,11,0.09090909090909091,654.2727272727273,6224891000.0,0.1645477888972517,4.9995027840151555e-05,0,,
اهرم,20404531251175936,طهرم8022,88,0.8409090909090909,30.5,0.0,0.3016349375075425,1.1904536051406383e-05,1,0.5790928304340758,13.0
اهرم,20426259368291332,ضهرم3033,98,0.5306122448979592,11721.775510204081,0.0,0.6203681533028294,1.4926858604531922e-07,7,0.4982347985373781,171.5
اهرم,20448100369545095,طهرم4031,79,0.6835443037974683,13079.417721518987,0.0,0.29058380304478865,2.222394434246381e-06,0,,
اهرم,20493461221047096,ضهرم3020,103,0.4563106796116505,17074.941747572815,6000000.0,0.4383046270389532,3.5929842993931614e-06,0,,
اهرم,20644622483465167,طهرم6038,29,0.5172413793103449,456.0,0.0,0.3083504031603769,3.8845119705377695e-05,0,,
اهرم,20740782612661487,ضهرم7037,102,0.3431372549019608,93661.06862745098,417572500.0,0.47161338787184653,2.984866108515021e-06,0,,
اهرم,21047933409546597,ضهرم5030,11,0.09090909090909091,1219.4545454545455,15822497000.0,0.2425376434649348,9.998918142100361e-05,0,,
اهرم,21103883377941566,ضهرم4025,79,0.7215189873417721,3415.518987341772,0.0,0.21508892326521767,2.8230047444718145e-08,0,,
اهرم,21291889032847368,ضهرم1025,100,0.22,34668.99,1576843000.0,0.18757052770940125,1.2864775572678878e-06,5,1.9535942505852368,187.0
اهرم,21555525821610177,ضهرم8019,88,0.19318181818181818,64298.01136363636,14688272500.0,0.3756581440070057,1.4088329082872538e-05,0,,
اهرم,21717746919880086,ضهرم3017,103,0.3883495145631068,31471.252427184467,210178000.0,0.3354336184753858,3.17900330397069e-06,0,,
اهرم,21973914864339411,ضهرم1253,137,0.5620437956204379,1505.4452554744526,0.0,0.21838575562570298,2.7766961273660365e-06,0,,
اهرم,22001678137646822,ضهرم6033,102,0.27450980392156865,1038.4411764705883,11118000.0,0.42239731254818563,1.7106571511960507e-06,0,,
اهرم,22275919747618535,ضهرم6032,102,0.13725490196078433,2519.6666666666665,106249000.0,0.44004163957373427,6.594479493655993e-07,0,,
اهرم,22400137801742252,ضهرم0133,117,0.7606837606837606,14049.358974358975,0.0,0.2785084340665301,5.107360945081518e-06,7,1.287819179475069,311.0
اهرم,22551375341508398,طهرم6028,102,0.5784313725490197,5877.745098039216,0.0,0.24829875219454553,2.506114563597442e-08,0,,
اهرم,22740607057042087,طهرم2017,98,0.336734693877551,25362.897959183672,148025000.0,0.33492875532355254,3.1093730230196704e-07,0,,
اهرم,22756925045204226,طهرم0114,93,1.0,0.0,0.0,,,0,,
اهرم,22890624801346952,طهرم4029,79,0.6962025316455697,105467.74683544303,0.0,0.38493159836942464,4.165987394882402e-06,3,0.8898697850998151,19.0
اهرم,23118025196114187,ضهرم4012,98,0.2653061224489796,291.5408163265306,513315500.0,0.06941199796495082,4.369385470441822e-08,0,,
اهرم,23368996807956154,ضهرم5026,11,0.5454545454545454,24.272727272727273,0.0,0.07462877594104553,3.703795085248674e-06,0,,
اهرم,23421627803822970,طهرم4033,79,0.759493670886076,3042.746835443038,0.0,0.23269281164694616,2.631445603190762e-05,0,,
اهرم,23461634353883955,ضهرم4026,79,0.7215189873417721,4531.06329113924,0.0,0.284436485492922,3.8478915481595246e-08,0,,
اهرم,23531259372622343,ضهرم6027,102,0.19607843137254902,119965.2156862745,1465698500.0,0.3096001597587604,3.0495047429350196e-06,0,,
اهرم,23789549767565147,ضهرم8018,88,0.056818181818181816,50192.86363636364,21156281000.0,0.35034043418212346,6.026374509756003e-06,0,,
اهرم,24060114264386186,طهرم6031,102,0.5098039215686274,45.85294117647059,0.0,0.08580900552066843,2.0017135435365232e-05,0,,
اهرم,24138655695047559,ضهرم2018,98,0.1836734693877551,100236.71428571429,3139818000.0,0.3000735367823867,2.501207863685055e-07,0,,
اهرم,24148256094066089,طهرم3019,103,0.6019417475728155,714.2621359223301,0.0,0.22130497088004375,2.4378681382604957e-05,0,,
اهرم,24192770786375212,ضهرم2016,98,0.42857142857142855,16231.040816326531,2157120000.0,0.21456451317462455,1.9842800162237348e-07,0,,
اهرم,24733707016789172,طهرم5016,103,0.6407766990291263,5315.145631067961,0.0,0.33248527929083976,9.558020173030494e-09,0,,
اهرم,24944682177936945,طهرم5015,103,0.6407766990291263,21459.728155339806,0.0,0.5596380412349027,9.571425219828113e-08,0,,
اهرم,24992053456786471,طهرم5028,11,0.7272727272727273,5.2727272727272725,0.0,0.33811802232854865,3.7118144498490185e-05,0,,
اهرم,25212812381289190,ضهرم0134,117,0.5470085470085471,37278.179487179485,0.0,0.245739211064507,1.4541884010413798e-06,0,,
اهرم,25272310099881191,ضهرم5035,11,0.09090909090909091,16298.181818181818,70861319000.0,0.5373787684231001,2.436746530656615e-06,0,,
اهرم,26037401831903765,ضهرم5013,103,0.2524271844660194,2604.097087378641,593800000.0,0.15892597483978785,1.3702740183360427e-07,0,,
اهرم,26085737827096308,طهرم9023,103,0.6407766990291263,1698.9514563106795,0.0,0.16233046301370097,2.702701965566277e-06,0,,
اهرم,26119722911682958,ضهرم4017,98,0.42857142857142855,32526.336734693876,753757500.0,0.3583458297078308,1.7852208026561188e-05,0,,
اهرم,26229519862064876,ضهرم3022,98,0.5204081632653061,7928.836734693878,0.0,0.21943671486074343,6.372449884831364e-08,7,0.054876043244337126,72.0
اهرم,26237751258322432,طهرم2022,98,0.9285714285714286,1.7857142857142858,0.0,0.01053711829208181,2.7483333925688614e-06,0,,
اهرم,26369050442385782,ضهرم0135,117,0.6581196581196581,3732.863247863248,0.0,0.3461002254547229,2.5249184233985754e-06,0,,
اهرم,26453533962057346,طهرم4030,79,0.7215189873417721,13038.493670886075,0.0,0.3158670579677862,1.7481024702598112e-06,0,,
اهرم,26535245631513674,ضهرم9013,103,0.1262135922330097,770.8252427184466,2341257000.0,0.11097156593299433,1.1190776696901417e-07,0,,
اهرم,27031122233401904,ضهرم5018,103,0.6019417475728155,26595.776699029127,0.0,0.5607871626637917,4.877063374862304e-06,1,1.9539965497412306,205.0
اهرم,27522285775000371,طهرم3025,98,0.7857142857142857,11704.836734693878,0.0,0.8861993603840839,2.380252761984397e-05,0,,
اهرم,27883197679035468,طهرم5017,103,0.5533980582524272,4136.699029126214,0.0,0.24764539444039183,4.552839772894403e-06,0,,
اهرم,27927715348693071,طهرم2033,98,0.9795918367346939,0.04081632653061224,0.0,0.0,0.00024998749999999997,0,,
اهرم,28101485026687560,طهرم3032,98,0.9897959183673469,0.40816326530612246,0.0,0.07400274084225342,2.4997222119337752e-05,0,,
اهرم,28291108785172039,ضهرم3031,98,0.7142857142857143,3756.887755102041,0.0,0.6148399355515763,3.574564895645732e-05,0,,
اهرم,28540287641679046,طهرم2027,98,0.9489795918367347,0.20408163265306123,0.0,0.0,4.000340334961708e-05,0,,
اهرم,28605204152792246,طهرم1026,100,0.41,90171.35,927826500.0,0.4058417577688909,2.647092109882278e-07,0,,
اهرم,28735189906248428,طهرم4014,98,0.7653061224489796,9845.0,0.0,0.6970915046539147,1.4405867982110622e-06,0,,
اهرم,28826630420810456,ضهرم6035,102,0.5784313725490197,124.45098039215686,0.0,0.4683908554410064,1.10739826171588e-05,7,1.6261674654819822,470.0
اهرم,29379813589897952,طهرم2025,98,1.0,0.0,0.0,,,1,1.9959636730575177,105.0
اهرم,29505605576478910,طهرم4024,79,0.759493670886076,1331.5949367088608,0.0,0.7563684463680698,4.782677445694618e-07,0,,
اهرم,29834748229490565,طهرم4012,98,0.8571428571428571,1314.8469387755101,0.0,0.7460594764221478,3.569391132786619e-05,0,,
اهرم,30261597943692677,طهرم5035,11,0.2727272727272727,3149.909090909091,8453846000.0,0.23328672597638936,0.00012499171951957022,0,,
اهرم,30551365032170996,ضهرم5032,11,0.09090909090909091,2075.818181818182,25161915000.0,0.29125229743104963,9.997997130426338e-05,7,0.24778794048864652,159.5
اهرم,30677791939871494,طهرم1018,100,0.79,82.11,0.0,0.3790973330143837,6.008758187335247e-05,0,,
اهرم,31035312888226395,ضهرم0129,117,0.6324786324786325,689.7863247863248,0.0,0.10872853273406764,7.752170755480625e-06,0,,
اهرم,31218389110754093,طهرم0121,93,0.5913978494623656,33833.48387096774,0.0,0.46913247135627323,1.7615863029988004e-07,0,,
اهرم,31569484973713792,ضهرم0117,93,0.5698924731182796,436.68817204301075,0.0,0.09253539609167558,2.502205557194194e-07,2,1.299429164504411,611.5
اهرم,32000546295435383,ضهرم2012,98,0.2857142857142857,83.87755102040816,199170000.0,0.05711289010460123,1.0483246710638248e-07,0,,
اهرم,32154096324950679,ضهرم0120,93,0.3763440860215054,20362.11827956989,36000000.0,0.2573554441492308,6.922299073547705e-07,0,,
اهرم,32354743694451270,ضهرم0121,93,0.4838709677419355,82891.5376344086,3550000.0,0.36455790886346273,2.0828283242103147e-05,0,,
اهرم,32656070444892732,طهرم8015,88,0.2727272727272727,24465.102272727272,94407500.0,0.6078628686102162,1.5905128249178233e-06,4,1.7082972661344948,305.5
اهرم,32703798630728948,طهرم2026,98,0.9693877551020408,0.11224489795918367,0.0,0.0,6.664166666666667e-05,1,1.99664147774979,110.0
اهرم,32757788378828863,ضهرم2031,98,0.8367346938775511,21.316326530612244,0.0,0.379280861105479,3.1276347852207234e-05,0,,
اهرم,32869913399350012,طهرم7035,102,0.4215686274509804,66411.36274509804,1093838500.0,0.4183129673089101,9.194867269216612e-06,0,,
اهرم,32915316254526217,ضهرم5033,11,0.18181818181818182,2518.4545454545455,18848809000.0,0.30689342121416313,6.944964600458826e-06,0,,
اهرم,33211529028073723,ضهرم4011,98,0.23469387755102042,235.6326530612245,687519000.0,0.09254301506342673,6.666291139200494e-06,0,,
اهرم,33370689631988382,ضهرم3032,98,0.7040816326530612,1571.8367346938776,0.0,0.6301916652643405,3.4742016620051486e-05,0,,
اهرم,33693096526492029,ضهرم8016,88,0.09090909090909091,99544.84090909091,48379253000.0,0.22828666922199892,7.65847764223034e-10,0,,
اهرم,34167394837806871,ضهرم6031,102,0.18627450980392157,4980.774509803921,113820000.0,0.3806297900100033,1.2069705182854733e-05,0,,
اهرم,34195908509313736,طهرم4011,98,0.8775510204081632,170.07142857142858,0.0,0.4850741578682755,2.880005215364398e-06,0,,
اهرم,34336268831254964,ضهرم3026,98,0.673469387755102,26814.275510204083,0.0,0.3334396726552893,1.1582280431755734e-06,1,0.25365484303104435,130.0
اهرم,34509234031352997,ضهرم3012,103,0.20388349514563106,367.24271844660194,1099580000.0,0.11393801336485161,2.9742916028392574e-08,0,,
اهرم,34603189070221050,طهرم0131,117,0.8803418803418803,1403.3247863247864,0.0,0.27825129377020735,1.1906172499913607e-05,0,,
اهرم,35075125161995864,طهرم0119,93,0.6559139784946236,12195.935483870968,0.0,0.8206891244065602,1.5885784869342956e-08,0,,
اهرم,35100020715242984,طهرم8013,88,0.36363636363636365,3835.5113636363635,8500000.0,0.5126594240638046,3.103395155152707e-07,4,1.5660434104525949,630.0
اهرم,36036980044465000,طهرم7034,102,0.46078431372549017,65480.85294117647,675540000.0,0.5471988141739621,2.2931307925057895e-07,0,,
اهرم,36068652395159397,ضهرم4021,98,0.4387755102040816,9607.602040816326,16043000.0,0.452093525874809,2.5978131093675275e-06,0,,
اهرم,36106660540656243,طهرم1029,16,0.0,259907.625,47443723500.0,0.8579058996366128,1.9315179088112544e-10,0,,
اهرم,36107021652464152,ضهرم8014,88,0.125,5692.443181818182,10675314000.0,0.16492273658645917,6.492502392667386e-06,7,0.2493365096170949,111.0
اهرم,36234363815372312,طهرم8021,88,0.5568181818181818,3312.3977272727275,0.0,0.2991431337112255,8.753905604502757e-07,3,1.768474902984129,126.0
اهرم,36259547857801927,ضهرم3019,103,0.44660194174757284,30908.728155339806,16650000.0,0.42988341187037116,3.5096116730013677e-06,0,,
اهرم,36684543821015531,طهرم0134,117,0.7948717948717948,573.0,0.0,0.20379041780026616,4.167804881201261e-05,0,,
اهرم,36724561440933173,طهرم2028,98,1.0,0.0,0.0,,,0,,
اهرم,36793980827689170,ضهرم5021,103,0.1553398058252427,8091.601941747573,250429000.0,0.4066517322286857,9.666789190021301e-07,0,,
اهرم,36821829744824542,ضهرم4018,98,0.35714285714285715,20824.244897959183,155179000.0,0.34840280205065727,1.475565601484911e-07,0,,
اهرم,36859556046206094,ضهرم1117,105,0.45714285714285713,62.72380952380952,18555000.0,0.03961140401334871,8.618839749663215e-08,0,,
اهرم,37122324350938684,ضهرم3021,103,0.33980582524271846,9622.077669902912,29600000.0,0.4287910082511172,4.940625777639999e-06,0,,
اهرم,37328730577972658,طهرم9014,103,0.6310679611650486,47.42718446601942,0.0,0.37740931491631347,1.2135224166031826e-05,0,,
اهرم,37597293331620797,طهرم5032,11,0.36363636363636365,669.9090909090909,34995000.0,0.216156090026218,7.184599218664118e-07,0,,
اهرم,37604404956011240,طهرم2023,98,0.9489795918367347,7.622448979591836,0.0,0.40331767234395455,1.0929828758114321e-06,1,1.9886039886039886,110.0
اهرم,38100309883544834,طهرم2024,98,0.9693877551020408,0.08163265306122448,0.0,0.0,0.00016351566614007372,0,,
اهرم,38115281914148577,طهرم7037,102,0.5686274509803921,39879.43137254902,0.0,0.3285062900014318,1.4217759344243682e-06,0,,
اهرم,38187189116529877,طهرم6030,102,0.5196078431372549,268.77450980392155,0.0,0.11387637358239922,4.1119050443377074e-06,0,,
اهرم,38252683623515619,ضهرم4033,79,0.6835443037974683,44593.63291139241,0.0,0.4040065569332941,1.3333819053293339e-05,0,,
اهرم,38609923536892700,طهرم3014,103,0.912621359223301,51.62135922330097,0.0,0.5865815863515427,8.749703927076465e-05,0,,
اهرم,38724637674498295,طهرم4027,79,0.7468354430379747,6501.202531645569,0.0,0.5928752026866172,2.1831785059203868e-07,0,,
اهرم,38796480469071781,ضهرم1023,100,0.23,14201.67,15313949500.0,0.16149364212579628,1.2969655953588578e-05,0,,
اهرم,38862348028291837,طهرم4019,98,0.5102040816326531,1788.2755102040817,0.0,0.254426800467449,6.949312626804056e-07,0,,
اهرم,38936588975580072,طهرم1256,137,0.7007299270072993,17930.715328467155,0.0,0.281423945004537,1.162366015965393e-06,0,,
اهرم,39023204958112078,طهرم2032,98,0.9285714285714286,0.336734693877551,0.0,0.0,1.4289670981142177e-05,0,,
اهرم,39292739359711437,ضهرم1130,26,0.038461538461538464,44561.42307692308,1001303000.0,0.9329539104264661,7.876362154147628e-09,0,,
اهرم,39422100661067898,طهرم1028,63,0.2857142857142857,63160.87301587302,2829599000.0,0.3953943401525135,2.1497211966448087e-07,0,,
اهرم,39487894467606317,ضهرم3015,103,0.44660194174757284,2904.3106796116504,336634000.0,0.22877633833024566,1.7544556675796432e-05,0,,
اهرم,39527515363583995,ضهرم7045,102,0.5,574.0686274509804,500.0,0.6862033749440624,3.125729062891313e-05,0,,
اهرم,39864868946620841,ضهرم2033,98,0.7653061224489796,7.510204081632653,0.0,0.17138276040394992,4.366510046528954e-05,0,,
اهرم,39919117048681660,طهرم0115,93,1.0,0.0,0.0,,,0,,
اهرم,40311106823462785,طهرم3022,98,0.7959183673469388,17490.714285714286,0.0,0.9816556605908671,1.2170677514424747e-09,0,,
اهرم,40383001516337984,ضهرم4013,98,0.17346938775510204,2453.530612244898,3034187500.0,0.15157407169487788,1.1700895615090529e-08,7,0.48442796669014154,120.0
اهرم,40557617681963164,طهرم7044,102,0.9117647058823529,0.2549019607843137,0.0,0.043273558944115574,1.587358164995851e-05,0,,
اهرم,40558832037244191,ضهرم1257,137,0.6277372262773723,27552.992700729927,0.0,0.4279438723154524,3.2776390185835943e-06,0,,
اهرم,41350731530215753,طهرم7036,102,0.4411764705882353,25295.382352941175,788325500.0,0.38545096830686887,3.514683645778021e-07,0,,
اهرم,41374488277531570,طهرم0137,83,0.9879518072289156,0.4819277108433735,0.0,0.2857142857142857,2.4998837209302326e-05,0,,
اهرم,41386417137111037,ضهرم0130,117,0.717948717948718,2136.4529914529912,0.0,0.2088561338386126,7.589247202571169e-07,0,,
اهرم,41470068537775817,طهرم9018,103,0.42718446601941745,46775.53398058253,167952000.0,0.45757718417500953,1.6946814584748768e-05,0,,
اهرم,41881192827429663,طهرم7042,102,1.0,0.0,0.0,,,0,,
اهرم,41894074369681555,طهرم3012,103,1.0,0.0,0.0,,,0,,
اهرم,41920531718601173,ضهرم9018,103,0.32038834951456313,51468.1067961165,9900881000.0,0.24968580122847536,1.0220929835382765e-06,0,,
اهرم,42021663194734070,ضهرم2027,98,0.6020408163265306,179.20408163265307,0.0,0.23244831570313382,2.3321954798411284e-06,0,,
اهرم,42093883945911383,ضهرم6034,102,0.6176470588235294,160.8235294117647,0.0,0.5331362712211644,7.264822953591731e-06,0,,
اهرم,42238761619422991,ضهرم4030,79,0.7088607594936709,30722.708860759492,0.0,0.28460126797214114,4.345025471465791e-05,0,,
اهرم,42252476091949610,طهرم7045,102,1.0,0.0,0.0,,,0,,
اهرم,42320626971733895,ضهرم1259,83,0.6506024096385542,15569.903614457831,0.0,0.5738309425318269,4.1380748041750106e-08,0,,
اهرم,42499861791474269,ضهرم1032,4,0.5,1318.75,2126500.0,1.6181318681318682,2.6002698721155247e-07,0,,
اهرم,42785364079179005,ضهرم4022,98,0.32653061224489793,6926.183673469388,85973000.0,0.4228533780166365,3.499232238254396e-07,0,,
اهرم,42880399142312022,ضهرم0137,83,0.7590361445783133,920.0481927710844,0.0,0.38327099836705153,2.4290666115784764e-06,0,,
اهرم,43013317830228259,طهرم4021,98,0.8673469387755102,2.2653061224489797,0.0,0.04667264800980939,5.128354908433813e-06,0,,
اهرم,43039102400633347,طهرم1123,105,0.4,10671.238095238095,125000000.0,0.5455854357923406,3.1912423203533775e-07,0,,
اهرم,43057017953483337,طهرم0130,117,0.8376068376068376,1044.931623931624,0.0,0.2949683187683584,5.273992394181856e-06,0,,
اهرم,43157535994579697,ضهرم4016,98,0.21428571428571427,16849.48979591837,2029337500.0,0.30468623349539076,1.2984313011977464e-05,0,,
اهرم,43380935815393617,طهرم4023,79,0.7215189873417721,6011.772151898735,0.0,0.6597587384210448,9.08774975396949e-06,0,,
اهرم,43424284278507782,ضهرم4032,79,0.7341772151898734,11777.898734177215,0.0,0.43278184373799206,1.4162008782400955e-07,0,,
اهرم,43517203375176608,طهرم1120,105,0.5428571428571428,772.3619047619047,0.0,0.6546123876814297,2.833505005039202e-06,0,,
اهرم,44325803780869228,ضهرم1118,105,0.37142857142857144,38.99047619047619,79167000.0,0.06805407006219548,1.5149947475380254e-05,0,,
اهرم,44488493747835056,طهرم3018,103,0.6116504854368932,9581.213592233009,0.0,0.2982453579116236,5.1920341603449155e-09,0,,
اهرم,44529390480225743,طهرم7049,45,0.044444444444444446,8390.355555555556,358845000.0,0.7187739056011723,7.748666917596854e-06,0,,
اهرم,44547132577029247,طهرم0125,117,0.905982905982906,526.0598290598291,0.0,0.8874499867967779,4.45907744071112e-05,0,,
اهرم,44787840026981622,ضهرم1251,137,0.7591240875912408,18.32116788321168,0.0,0.08092333777409266,1.300604080544407e-07,0,,
اهرم,44851953395221706,ضهرم9022,103,0.4077669902912621,54370.28155339806,265164000.0,0.45267532367628655,1.637923072774144e-05,0,,
اهرم,44866471675053981,ضهرم2017,98,0.4897959183673469,16640.163265306124,233187500.0,0.273255406058958,1.0523858119794733e-06,0,,
اهرم,44895896646672944,طهرم6025,102,0.5980392156862745,29606.745098039217,0.0,0.6434680752020805,8.014297195172953e-09,0,,
اهرم,45048055729279817,ضهرم5020,103,0.30097087378640774,15490.456310679612,182135000.0,0.44839051005119956,1.2447390695412009e-08,0,,
اهرم,45269824327695015,ضهرم2024,98,0.5408163265306123,136.6326530612245,0.0,0.1096451230245206,2.7790743776674945e-06,0,,
اهرم,45533205619346421,طهرم9015,103,0.49514563106796117,849.9417475728155,5000.0,0.39421961344870804,2.6350281152161465e-06,0,,
اهرم,45802169013220092,طهرم5033,11,0.18181818181818182,532.4545454545455,122160000.0,0.21734295851351565,5.56419009836228e-06,0,,
اهرم,45888844789735282,ضهرم2022,98,0.08163265306122448,12938.724489795919,591033000.0,0.4856782886500692,1.6477425116861162e-07,0,,
اهرم,46035351618406329,طهرم1015,100,0.78,42.75,0.0,0.2472171442759678,3.375530013128237e-05,0,,
اهرم,46248032855405745,طهرم9013,103,0.6893203883495146,419.50485436893206,0.0,0.4266510555508426,2.431717413167423e-06,0,,
اهرم,46319707895314419,طهرم5029,11,0.6363636363636364,98.72727272727273,0.0,0.4826378576378576,2.478834567840803e-06,0,,
اهرم,46538957071952600,طهرم0129,117,0.9316239316239316,761.7606837606837,0.0,0.5457489150506026,2.0812723295841464e-05,1,1.9986626546305584,110.0
اهرم,46760322439314334,ضهرم2025,98,0.6836734693877551,190.41836734693877,0.0,0.15938441387226843,1.0779299834244536e-07,0,,
اهرم,46895458247869491,طهرم7040,102,0.803921568627451,26.137254901960784,0.0,0.1830103175839135,4.999701875149812e-05,0,,
اهرم,46939573821736840,طهرم1025,100,0.47,28155.09,43175500.0,0.48808799222473476,6.088547887971525e-07,1,1.9997241569546929,101.0
اهرم,47634037470877419,ضهرم7043,102,0.9019607843137255,10.352941176470589,0.0,0.1816171792152704,1.4048320130975167e-05,0,,
اهرم,47662309984168266,ضهرم9020,103,0.3592233009708738,29327.864077669903,1075836000.0,0.2955525944354479,5.286570822763694e-08,0,,
اهرم,47672734424023269,طهرم2013,98,0.9489795918367347,0.2857142857142857,0.0,0.0,0.000203,0,,
اهرم,47721135229359235,طهرم6036,102,0.8921568627450981,3.392156862745098,0.0,0.02683361457448793,1.8187609596808241e-06,0,,
اهرم,47852578194178301,ضهرم1119,105,0.37142857142857144,50.695238095238096,28000000.0,0.0768953126816358,1.5148475286433721e-05,0,,
اهرم,47906016896117122,طهرم7038,102,0.5784313725490197,35160.32352941176,0.0,0.15853400879861676,2.9079104080378003e-06,0,,
اهرم,47943111936517968,ضهرم1254,137,0.5328467153284672,3363.4452554744526,0.0,0.22199447722176494,2.6027154946076557e-06,4,1.2781556781043197,70.5
اهرم,48235107799025311,ضهرم9019,103,0.3883495145631068,17810.893203883494,2311738000.0,0.216270924346495,7.824681383459607e-07,0,,
اهرم,48454925689113910,طهرم1021,100,0.38,2425.73,4469000.0,0.5280184583270223,1.6210990130349457e-05,0,,
اهرم,48470217067843282,ضهرم6025,102,0.18627450980392157,16276.14705882353,2218366000.0,0.20382269869644343,2.008601013051369e-06,0,,
اهرم,48618000409377714,ضهرم3023,98,0.5306122448979592,8699.84693877551,0.0,0.20127441993345455,1.0829479995209979e-07,0,,
اهرم,48682553966909258,طهرم4017,98,0.5816326530612245,5273.2040816326535,0.0,0.28289057435765075,1.2363186339066587e-07,0,,
اهرم,48858495989093455,ضهرم1250,137,0.7007299270072993,15.306569343065693,0.0,0.06202820580317927,1.4381954078792096e-06,0,,
اهرم,49062621750933617,ضهرم1255,137,0.6715328467153284,12567.912408759124,0.0,0.29755684821637435,4.444291664561535e-06,0,,
اهرم,49102307084611340,طهرم1024,100,0.48,51027.97,116450000.0,0.4969602328150956,7.264548428985043e-08,0,,
اهرم,49245497424308718,طهرم8016,88,0.3181818181818182,89790.71590909091,606127500.0,0.5159333303226616,8.330236022800813e-06,0,,
اهرم,49265987478056943,ضهرم2013,98,0.37755102040816324,337.48979591836735,439790000.0,0.09114928069951996,1.645504588251247e-07,0,,
اهرم,49579773578382562,طهرم4013,98,0.7959183673469388,14214.214285714286,0.0,0.8162488466985522,9.597931921369438e-06,0,,
اهرم,50013010619599393,طهرم1115,105,0.8571428571428571,57.714285714285715,0.0,0.6595035414766136,8.41453214478498e-05,0,,
اهرم,50071284391589412,طهرم4022,98,0.673469387755102,8.581632653061224,0.0,0.0656172154648427,2.0836464429020363e-06,0,,
اهرم,50103696486207161,طهرم1116,105,0.8952380952380953,62.63809523809524,0.0,0.6589457733331305,7.119085346065343e-05,0,,
اهرم,50209378899457919,ضهرم8017,88,0.07954545454545454,67583.15909090909,35894614000.0,0.27268069109034193,4.2364770828944655e-09,0,,
اهرم,50586946326510190,ضهرم5014,103,0.3592233009708738,21974.47572815534,283502000.0,0.19706064147294328,7.219074178542907e-07,0,,
اهرم,51087679066328432,طهرم0127,117,0.9487179487179487,68.07692307692308,0.0,0.7444824583726164,7.953606989516634e-06,4,1.9898540283156358,110.0
اهرم,51148447290565328,ضهرم3030,98,0.7653061224489796,20487.19387755102,0.0,0.9020031630601184,4.3476800821619015e-05,7,1.6100778912523181,157.0
اهرم,51257270993939507,ضهرم0116,93,0.5806451612903226,55.225806451612904,0.0,0.07413794441654045,5.12955752205376e-06,0,,
اهرم,51282860554785697,طهرم0133,117,0.6837606837606838,3500.6495726495727,0.0,0.20506143131628207,1.3521537320201573e-05,0,,
اهرم,51593230324570112,ضهرم8020,88,0.18181818181818182,67752.89772727272,2950949000.0,0.5187855807042729,1.3894613397499937e-06,8,1.7250829411567425,354.5
اهرم,51626102990431657,ضهرم3028,98,0.6530612244897959,43777.255102040814,0.0,0.5397015281589584,1.4724181533628536e-05,0,,
اهرم,51667635124926114,ضهرم7038,102,0.16666666666666666,79960.10784313726,833521500.0,0.4683710883695385,1.0550829976758263e-07,0,,
اهرم,51684389664459433,طهرم2029,98,0.9795918367346939,0.10204081632653061,0.0,0.2,8.331662216288385e-05,0,,
اهرم,51799607585806880,طهرم3017,103,0.5728155339805825,22607.514563106797,0.0,0.33766433074910246,7.109578721845981e-08,0,,
اهرم,51808390912384260,طهرم3026,98,0.7244897959183674,12317.224489795919,0.0,0.46809821121750733,1.2344732397949158e-05,0,,
اهرم,51827471850690535,طهرم5023,103,0.9514563106796117,0.941747572815534,0.0,0.08375054439368805,5.002347931060955e-06,0,,
اهرم,51846942226616853,ضهرم8023,88,0.4318181818181818,15274.886363636364,460000.0,0.5661764783002077,2.139799619018876e-06,0,,
اهرم,51956206772069182,طهرم1250,137,0.8467153284671532,232.4817518248175,0.0,0.7056824011122296,4.229024087763552e-07,0,,
اهرم,51966908516333366,طهرم1125,105,0.45714285714285713,64835.8,644551000.0,0.4465240604476795,1.7536847956416557e-06,0,,
اهرم,52093822456407485,طهرم1248,137,0.9124087591240876,14.518248175182482,0.0,0.5708312733547057,1.9462948743973717e-06,0,,
اهرم,52213386514244982,طهرم8019,88,0.5227272727272727,35179.329545454544,0.0,0.53618309682572,3.4015623543778082e-06,0,,
اهرم,52299633337395949,ضهرم8015,88,0.011363636363636364,16767.5,21894139000.0,0.1839299412060419,1.8439118198356665e-08,0,,
اهرم,52493128589770103,ضهرم7039,102,0.21568627450980393,25511.92156862745,293336500.0,0.5164860438346345,1.3584965539132941e-07,0,,
اهرم,52544205060753154,طهرم5019,103,0.5631067961165048,702.5436893203884,0.0,0.1386513948481741,4.4441398069630156e-07,0,,
اهرم,52752124520450392,طهرم7048,45,0.08888888888888889,4999.511111111111,146599000.0,0.6839081335971469,5.623178355273156e-08,4,0.16431042625213155,875.0
اهرم,52797073753816747,ضهرم7049,45,0.06666666666666667,1531.4444444444443,2659570000.0,0.14290810247739993,4.7631840611186675e-07,0,,
اهرم,52818000569505656,ضهرم9014,103,0.14563106796116504,258.5339805825243,857794000.0,0.11347006798124393,2.651727602380839e-07,7,0.4918903977881823,110.0
اهرم,52883330857519486,ضهرم0127,117,0.6752136752136753,36.43589743589744,0.0,0.092597288634046,2.4230211860755164e-07,0,,
اهرم,52896109725022924,ضهرم2019,98,0.42857142857142855,61578.357142857145,96860000.0,0.4087696273912257,1.20240791604754e-07,0,,
اهرم,53013068094176677,ضهرم4019,98,0.42857142857142855,55107.13265306123,133840500.0,0.3564395438536592,1.7854912191526996e-06,0,,
اهرم,53013572462374039,ضهرم4031,79,0.7088607594936709,16285.506329113925,0.0,0.36849959443966246,1.4489247059694829e-05,0,,
اهرم,53039880770711990,ضهرم7044,102,0.9509803921568627,3.176470588235294,0.0,0.0,0.00011200376344086022,0,,
اهرم,53075453782589208,ضهرم1022,100,0.29,3866.43,4561905500.0,0.1204482714021775,1.4088680924816926e-05,5,1.5967113701767242,30.5
اهرم,53276105370044036,طهرم2021,98,0.9183673469387755,2.173469387755102,0.0,0.11650155568952891,2.0847947526362305e-06,0,,
اهرم,53306636517675082,طهرم0120,93,0.6344086021505376,29894.462365591397,0.0,0.603016373376957,2.939220597274872e-05,0,,
اهرم,53464611901841875,ضهرم0118,93,0.45161290322580644,4458.193548387097,24000000.0,0.1319400384002684,1.1646518851448517e-08,0,,
اهرم,54192702680862434,طهرم8023,88,0.9886363636363636,0.011363636363636364,0.0,0.0,0.0009998699609882966,0,,
اهرم,54268440819774423,طهرم5014,103,0.6504854368932039,28699.59223300971,0.0,0.831328671916802,3.0987150715531644e-08,0,,
اهرم,54335433030833614,طهرم1121,105,0.3142857142857143,2540.9714285714285,9005000.0,0.5289321248477443,7.273313481157724e-06,0,,
اهرم,54381542514090476,ضهرم4014,98,0.10204081632653061,20361.0,7985771000.0,0.22096778981862428,3.780131729395763e-08,0,,
اهرم,54399353945462220,طهرم0138,83,0.8795180722891566,0.7228915662650602,0.0,0.19522428646791695,3.333558519280779e-05,0,,
اهرم,54520421133763083,طهرم1119,105,0.7238095238095238,31.666666666666668,0.0,0.4239607145056168,1.892017339781103e-05,0,,
اهرم,54791352010765390,طهرم5020,103,0.39805825242718446,2275.621359223301,37400000.0,0.1826688923533354,1.361991263800179e-07,0,,
اهرم,55036784936540446,طهرم4016,98,0.5714285714285714,11637.683673469388,0.0,0.3610810895369624,2.4440523684762723e-06,0,,
اهرم,55077928275794444,طهرم2018,98,0.3673469387755102,47177.744897959186,116650000.0,0.3543381319609404,2.3504934643402383e-07,0,,
اهرم,55155880717588149,ضهرم4029,79,0.7088607594936709,18612.98734177215,0.0,0.3585526416369085,3.247746452936663e-08,0,,
اهرم,55585719749691406,ضهرم2030,98,0.7346938775510204,85.48979591836735,0.0,0.24820093375360963,5.321091722967605e-07,0,,
اهرم,55755822186886559,طهرم2020,98,0.7244897959183674,1621.8979591836735,0.0,0.27641987806447,3.7055381892157203e-07,0,,
اهرم,55837275268239780,ضهرم2026,98,0.6632653061224489,169.8877551020408,0.0,0.1434575933697204,1.0101533434473826e-05,0,,
اهرم,55842274896324317,طهرم9016,103,0.32038834951456313,12389.368932038835,84308000.0,0.41735881903128513,1.4396377586186315e-06,0,,
اهرم,56361348071064734,ضهرم6026,102,0.3431372549019608,47333.666666666664,184576500.0,0.2740856326570954,3.7333325460930114e-06,0,,
اهرم,56570207361645896,طهرم4026,79,0.7341772151898734,4437.2531645569625,0.0,0.5622794772832989,3.1528201887517203e-07,1,1.9626379847155393,283.0
اهرم,56661466402912674,طهرم0117,93,0.8709677419354839,14.548387096774194,0.0,0.4522613309362909,5.936207582254261e-05,0,,
اهرم,56902821528743695,ضهرم1124,105,0.3142857142857143,18243.085714285713,2180978000.0,0.2613105643640712,2.3157969008532583e-06,0,,
اهرم,57043000787337533,طهرم6039,29,0.3103448275862069,2578.103448275862,27075000.0,0.5761987774837244,2.837786579877781e-07,0,,
اهرم,57080102548862199,طهرم1118,105,0.8571428571428571,33.68571428571428,0.0,0.18022936419905866,0.00015568280029496003,0,,
اهرم,57081980754888947,ضهرم1021,100,0.1,784.92,1029971000.0,0.11304203290060919,5.561825736161792e-06,0,,
اهرم,57164323162144239,ضهرم2011,98,0.3979591836734694,74.59183673469387,38721500.0,0.05349521857413111,5.5700425009482166e-08,0,,
اهرم,57617553076969313,ضهرم1030,16,0.0,461581.875,88692726000.0,0.9040546916571695,1.7760578173397352e-10,0,,
اهرم,58104390345972912,طهرم4018,98,0.5510204081632653,19209.969387755104,0.0,0.2583484296958752,1.1352853896704722e-05,0,,
اهرم,58401220538126585,ضهرم1115,105,0.19047619047619047,89.54285714285714,183930000.0,0.06843987798274116,5.482758426121587e-08,0,,
اهرم,58420051484617787,ضهرم2028,98,0.8061224489795918,16.816326530612244,0.0,0.2080312793783446,2.635507425827339e-05,0,,
اهرم,58652628290274333,ضهرم4024,79,0.6835443037974683,2489.8734177215188,0.0,0.17746986835791667,7.999203107353064e-06,0,,
اهرم,58724844122447173,ضهرم5028,11,0.09090909090909091,133.9090909090909,429110000.0,0.1837246741753964,4.999564759508847e-05,0,,
اهرم,58783604530134536,طهرم1129,26,0.15384615384615385,749.4615384615385,2128077500.0,0.21409083542257443,1.244309410087989e-08,7,0.13173400337084473,237.0
اهرم,58893705409664622,طهرم5026,11,0.7272727272727273,41.18181818181818,0.0,0.5227779468364654,9.022018213718912e-06,0,,
اهرم,59113320667493412,ضهرم9015,103,0.04854368932038835,974.3786407766991,1999947000.0,0.14221594310334446,7.323922031808932e-08,0,,
اهرم,59625724522001870,طهرم2034,98,1.0,0.0,0.0,,,0,,
اهرم,59750364556913502,طهرم1122,105,0.5238095238095238,4875.371428571429,0.0,0.8242441818836397,6.708858688759531e-07,0,,
اهرم,59783793505039620,طهرم3015,103,0.5339805825242718,10429.106796116504,0.0,0.5511344271947313,1.1583270491565638e-06,0,,
اهرم,59792695502677424,طهرم3024,98,0.7857142857142857,11489.897959183674,0.0,1.0348348058587145,2.380443452714124e-05,0,,
اهرم,59874482679210765,طهرم0126,117,0.9401709401709402,15.068376068376068,0.0,0.9346057988060252,2.902250313020447e-06,0,,
اهرم,59946404453902934,طهرم1124,105,0.5619047619047619,16480.095238095237,0.0,0.6619103212738441,6.741239805696857e-09,0,,
اهرم,60040103914365264,طهرم1254,137,0.7737226277372263,3789.7445255474454,0.0,0.5280097560484578,6.5176593619067765e-06,3,1.6141709542369478,62.5
اهرم,60082942499880147,ضهرم1252,137,0.6642335766423357,665.1605839416059,0.0,0.18025426419503524,2.1738268750026764e-05,0,,
اهرم,60120121110914823,طهرم1020,100,0.52,1555.11,0.0,0.6068105960666462,2.3449364890747954e-06,0,,
اهرم,60200515962749326,ضهرم2029,98,0.6428571428571429,55.06122448979592,0.0,0.1770691338950074,1.3666276198936088e-06,0,,
اهرم,60343226202839007,ضهرم6036,102,0.30392156862745096,272.87254901960785,5164000.0,0.3526789773191168,2.0030634976076788e-06,0,,
اهرم,60428022376805343,طهرم5013,103,0.7281553398058253,4822.456310679611,0.0,0.7785976405333797,2.827508447693215e-07,0,,
اهرم,60439382950908162,ضهرم0119,93,0.3010752688172043,6089.462365591397,260208000.0,0.19993575673240557,1.7752986536239263e-07,0,,
اهرم,60576602165722316,طهرم1128,38,0.05263157894736842,26074.157894736843,79902213500.0,0.2837745081330061,1.2624298480199788e-06,0,,
اهرم,60837444546314826,طهرم2019,98,0.673469387755102,32834.316326530614,0.0,0.45973988713748215,1.0414480205335642e-05,0,,
اهرم,60856388378798051,ضهرم7035,102,0.13725490196078433,162751.08823529413,14175343500.0,0.27991319796804953,1.623676284497639e-06,0,,
اهرم,60928509878033766,طهرم9021,103,0.49514563106796117,25954.40776699029,10590000.0,0.3928305182528976,1.9229018038637006e-05,0,,
اهرم,61191292609908700,طهرم1031,4,0.25,5329.0,8197377500.0,0.3128248475572686,6.665475105776594e-06,0,,
اهرم,61705395530235616,ضهرم1017,100,0.36,46.53,107541500.0,0.04613354657972503,1.5565328094468103e-07,6,0.33856039857626813,108.5
اهرم,61903519488997646,طهرم6032,102,0.7254901960784313,5.7254901960784315,0.0,0.09886787458313194,3.573838431488988e-05,0,,
اهرم,61991806614212315,طهرم2031,98,0.9591836734693877,0.16326530612244897,0.0,0.33691409507923264,4.1670965133727047e-05,0,,
اهرم,62029507720066031,ضهرم0128,117,0.7008547008547008,184.87179487179486,0.0,0.09846908264064351,2.858009540455659e-06,0,,
اهرم,62171799977328589,ضهرم5025,11,0.09090909090909091,1199.5454545454545,12772620000.0,0.15289246924435615,3.424438555509007e-07,0,,
اهرم,62379010499265738,طهرم6037,29,0.5862068965517241,203.3448275862069,0.0,0.3002592688618097,2.405263208634139e-05,0,,
اهرم,62630716381380677,طهرم0112,93,1.0,0.0,0.0,,,0,,
اهرم,62687580380071864,طهرم8014,88,0.3068181818181818,6939.034090909091,12990500.0,0.5578137152807743,8.238189240033813e-06,4,1.8211658883380797,117.0
اهرم,62755328854023622,ضهرم1258,137,0.40875912408759124,94187.22627737226,38977000.0,0.42874007216836557,1.1459591533453468e-06,0,,
اهرم,62832960398915675,طهرم1249,137,0.8613138686131386,94.92700729927007,0.0,0.5482977884172395,2.071901952480371e-06,0,,
اهرم,62929211353278425,طهرم3020,103,0.8446601941747572,5.427184466019417,0.0,0.12943217068853569,3.1250534732337085e-05,0,,
اهرم,62959435913144777,ضهرم3018,103,0.3786407766990291,64722.81553398058,145500000.0,0.37110661979234827,3.125517797286884e-06,0,,
اهرم,63185775846688586,ضهرم1121,105,0.47619047619047616,213.64761904761906,14656000.0,0.1079329850201433,4.545806709556802e-06,0,,
اهرم,63704153876314965,طهرم0128,117,0.9487179487179487,359.44444444444446,0.0,0.9402271434703174,2.3521309386988e-08,0,,
اهرم,63948382312383731,طهرم3030,98,0.8775510204081632,544.295918367347,0.0,0.24962081152866447,8.333219311999045e-05,0,,
اهرم,63950982682447060,طهرم0113,93,1.0,0.0,0.0,,,0,,
اهرم,63956090168648960,طهرم5021,103,0.5242718446601942,156.873786407767,0.0,0.1471680512587857,2.0417466173111894e-05,0,,
اهرم,64126547622574254,طهرم1130,26,0.46153846153846156,113.73076923076923,34725000.0,0.14049909521544154,7.142293060712537e-05,0,,
اهرم,64243770210629254,ضهرم2014,98,0.37755102040816324,3381.061224489796,1398009000.0,0.1302584966234975,1.260937313413671e-06,0,,
اهرم,64472175120304545,ضهرم0126,117,0.5726495726495726,53.93162393162393,0.0,0.06391394407996134,3.2924210651252393e-07,0,,
اهرم,64513711037687311,طهرم5024,103,1.0,0.0,0.0,,,0,,
اهرم,64907951360166774,ضهرم7048,45,0.08888888888888889,646.3333333333334,1622257000.0,0.15004910676530464,2.442518518101157e-07,0,,
اهرم,65159267049472995,ضهرم1256,137,0.6058394160583942,26569.795620437955,0.0,0.3441273442190764,1.1638573415562128e-06,0,,
اهرم,65341360134379193,ضهرم0112,93,0.6881720430107527,12.870967741935484,0.0,0.03223070568174493,4.312098426370532e-06,0,,
اهرم,65524382218584714,طهرم1253,137,0.5474452554744526,2162.1459854014597,0.0,0.4856407014695967,1.6126543310067727e-05,0,,
اهرم,65613314108761178,طهرم0136,117,0.7777777777777778,186.0854700854701,0.0,0.20982615880699973,1.2819675455663893e-05,0,,
اهرم,65718833905545998,ضهرم5022,103,0.2912621359223301,1397.4077669902913,20776000.0,0.39298842222478003,1.4851338590958317e-06,0,,
اهرم,65820692901516132,ضهرم4015,98,0.23469387755102042,20387.530612244896,2568669500.0,0.30610566848543563,3.812107591870933e-07,0,,
اهرم,65969502986678909,طهرم2014,98,0.5918367346938775,2631.591836734694,0.0,0.7176358869670538,5.1796894674677925e-08,0,,
اهرم,66300961304367770,ضهرم1026,100,0.27,181526.55,3695882000.0,0.20838200862489153,1.3691749577720347e-05,0,,
اهرم,66788889034887686,ضهرم2020,98,0.2653061224489796,60008.76530612245,261960000.0,0.39555169177466537,1.4064978492774856e-06,0,,
اهرم,66876923576629561,طهرم0124,70,0.8857142857142857,2.1,0.0,0.02151929954371686,2.0834473204392765e-05,0,,
اهرم,66935541944908181,طهرم1016,100,0.92,0.61,0.0,0.17857142857142858,0.00012455227332804653,0,,
اهرم,66944857655967446,طهرم8017,88,0.3409090909090909,39825.46590909091,865270500.0,0.4960280609465341,1.5676980610213405e-06,0,,
اهرم,67162023264356993,طهرم3023,98,0.7653061224489796,6305.122448979592,0.0,0.7588728422497495,8.696230394095279e-06,0,,
اهرم,67163193885244222,ضهرم7034,102,0.11764705882352941,121677.10784313726,32576553500.0,0.2507214368563558,1.2346788187044714e-06,0,,
اهرم,67165975841045980,طهرم3013,103,1.0,0.0,0.0,,,0,,
اهرم,67734959435687020,طهرم4020,98,0.6530612244897959,91.62244897959184,0.0,0.1460669078944531,2.940203610745797e-05,0,,
اهرم,67985032880690191,ضهرم9017,103,0.14563106796116504,6168.281553398058,6747671000.0,0.1852896631400306,1.1365940002560779e-05,0,,
اهرم,68065470728167976,ضهرم1016,100,0.56,38.77,0.0,0.04726410726107875,2.2735456772493524e-06,6,0.3110974667062109,106.0
اهرم,68140374484894711,ضهرم7040,102,0.29411764705882354,4712.5392156862745,5620500.0,0.4691070931624284,7.071615330224832e-06,0,,
اهرم,68239049363713147,ضهرم3013,103,0.23300970873786409,630.3495145631068,1033469000.0,0.11326315409407485,1.5824624733245286e-06,0,,
اهرم,68354622602836479,ضهرم5031,11,0.09090909090909091,793.3636363636364,10069255000.0,0.27113652225600693,9.998692537461447e-05,0,,
اهرم,68509462045282835,طهرم6033,102,0.9509803921568627,0.9019607843137255,0.0,0.007716813935315686,3.333109380535524e-05,0,,
اهرم,68641787241939454,طهرم0122,93,0.6559139784946236,19630.075268817203,0.0,0.33297250084277774,4.967491776016067e-07,0,,
اهرم,68696813181796274,طهرم6035,102,0.5196078431372549,8.77450980392157,0.0,0.04329357944436568,2.0407109450364837e-05,0,,
اهرم,68705946085019428,طهرم4028,79,0.7088607594936709,24726.01265822785,0.0,0.4576211236004045,4.347853768682671e-06,0,,
اهرم,68838438935468310,ضهرم0138,83,0.7228915662650602,1550.686746987952,0.0,0.27439747793320185,4.348675194834763e-05,0,,
اهرم,69030303085084069,ضهرم2032,98,0.826530612244898,33.714285714285715,0.0,0.23165249983250763,5.8831712798685154e-05,0,,
اهرم,69276512622839543,طهرم8020,88,0.5795454545454546,27978.363636363636,0.0,0.4989717945802457,1.1998842218735404e-06,0,,
اهرم,69537112710723457,ضهرم1247,137,0.41605839416058393,131.61313868613138,179990000.0,0.09648563024506868,7.360124175531778e-07,0,,
اهرم,69559202610870699,ضهرم3016,103,0.47572815533980584,16688.233009708736,19470000.0,0.31306626271163485,3.703073731788203e-06,0,,
اهرم,69569078005525248,ضهرم8012,88,0.03409090909090909,5142.943181818182,9270433000.0,0.1349940248835471,1.0625442418722837e-10,7,0.1436368791216184,120.0
اهرم,69672179867710574,ضهرم3024,98,0.6428571428571429,37031.42857142857,0.0,0.23789206781991373,7.142059234529712e-06,0,,
اهرم,69672283749952852,ضهرم6030,102,0.4215686274509804,14426.127450980392,69561500.0,0.4876701698295897,2.411951975545716e-07,0,,
اهرم,69719583233835704,ضهرم9012,103,0.04854368932038835,519.7378640776699,2339539000.0,0.1164479112363395,1.7006467217512372e-06,7,0.12203626082420169,103.0
اهرم,69939005954315687,طهرم3033,98,0.9285714285714286,0.19387755102040816,0.0,0.10291794628334469,2.3824410276072543e-05,0,,
اهرم,70127501175600742,طهرم5030,11,0.7272727272727273,24.09090909090909,0.0,0.47863809289213677,3.331140172611818e-05,0,,
اهرم,70185603791883718,طهرم9017,103,0.3883495145631068,42988.1067961165,269356000.0,0.4687225620771969,4.54622852541696e-07,0,,
اهرم,70218850971385460,طهرم1260,83,0.891566265060241,2.2289156626506026,0.0,0.12169392663147131,2.2221489465940692e-05,0,,
اهرم,70344827463731656,ضهرم1128,38,0.0,176653.2105263158,72143758000.0,0.6790609812412696,1.2069065286266163e-10,8,0.08835873051543071,625.25
اهرم,70345005957579018,طهرم0118,93,0.6666666666666666,1462.225806451613,0.0,0.9300329247987223,8.69587376064177e-07,0,,
اهرم,70482781392720675,طهرم0135,117,0.905982905982906,52.085470085470085,0.0,0.1645176616888842,3.0299535747618258e-05,0,,
اهرم,70651543074324879,طهرم1258,137,0.7372262773722628,6325.204379562044,0.0,0.2420162674307268,2.777438410231185e-05,0,,
اهرم,70892055321743319,ضهرم1249,137,0.4744525547445255,58.77372262773723,20600000.0,0.1131947539433868,4.2471364091308855e-08,0,,
اهرم,71303806858517950,ضهرم8022,88,0.5454545454545454,9271.511363636364,0.0,0.587019263680778,2.4267544125520977e-05,0,,
اهرم,71417995296772640,طهرم8012,88,0.3181818181818182,14243.647727272728,57400500.0,0.5588444525959868,6.930612640716518e-08,4,1.9883719804697768,163.75
اهرم,71535961719447311,ضهرم0125,117,0.48717948717948717,83.04273504273505,50901000.0,0.09471673382079575,1.670475629195806e-07,0,,
اهرم,71640986421346982,طهرم1251,137,0.8321167883211679,441.62773722627736,0.0,0.630678252214022,5.732701375759498e-06,0,,
اهرم,71676612201759411,طهرم1032,4,0.25,2.5,21774000.0,0.0808079021820796,0.00033331289738278077,0,,
اهرم,71682978096146255,طهرم7039,102,0.5,872.7745098039215,250000.0,0.17955621257231613,1.958462343213924e-05,0,,
اهرم,71796007760737434,طهرم4032,79,0.7468354430379747,4277.822784810127,0.0,0.24538668957210713,1.2499162274687094e-05,0,,
اهرم,71802898382182423,ضهرم8021,88,0.32954545454545453,38666.02272727273,662831500.0,0.638452653665088,1.6667601619690465e-05,0,,
اهرم,71855053116585906,طهرم3016,103,0.3106796116504854,45020.970873786406,158623000.0,0.36708569405158015,1.4093769897139769e-06,0,,
اهرم,71963145292567087,طهرم5018,103,0.6116504854368932,1446.1359223300972,0.0,0.24584911801467585,1.920901835578059e-06,0,,
