instrument_id,symbol,underlying_name,opt_type,strike,maturity,maturity_dt,first_seen,last_seen
66046912715531,ضهرم3025,اهرم,call,30000.0,14050327.0,2026-06-17,20260114,20260621
242237343005473,طهرم3029,اهرم,put,46000.0,14050327.0,2026-06-17,20260114,20260621
314426943408035,ضهرم0132,اهرم,call,28000.0,14050230.0,2026-05-20,20251119,20260524
358972276573533,ضهرم1122,اهرم,call,24000.0,14041129.0,2026-02-18,20250917,20260222
436022019237590,ضهرم0136,اهرم,call,42000.0,14050230.0,2026-05-20,20251119,20260524
643036005369217,طهرم2016,اهرم,put,24000.0,14040231.0,2025-05-21,20241218,20250525
1045459295874171,طهرم2015,اهرم,put,22000.0,14040231.0,2025-05-21,20241218,20250525
1072594867110612,طهرم3011,اهرم,put,16000.0,14040408.0,2025-06-29,20250115,20250707
1159774479861052,ضهرم7046,اهرم,call,15000.0,14040730.0,2025-10-22,20250730,20251026
1297661069994378,طهرم1127,اهرم,put,38000.0,14041129.0,2026-02-18,20251222,20260222
1358103489429701,طهرم6029,اهرم,put,24000.0,14040626.0,2025-09-17,20250416,20250921
1885245589051719,طهرم9019,اهرم,put,24000.0,14040926.0,2025-12-17,20250721,20251222
1971624165613401,طهرم3031,اهرم,put,56000.0,14050327.0,2026-06-17,20260114,20260621
2490583367368706,طهرم6034,اهرم,put,38000.0,14040626.0,2025-09-17,20250416,20250921
2844510337092383,ضهرم2023,اهرم,call,18000.0,14050230.0,2026-05-20,20251217,20260524
2856551066420935,طهرم4015,اهرم,put,22000.0,14040425.0,2025-07-16,20250211,20250722
3091080135295837,ضهرم6037,اهرم,call,13000.0,14040626.0,2025-09-17,20250804,20250921
3139889859629827,طهرم2012,اهرم,put,16000.0,14040231.0,2025-05-21,20241218,20250525
3204302215526267,طهرم1023,اهرم,put,22000.0,14041024.0,2026-01-14,20250820,20260120
3211030207448646,ضهرم0131,اهرم,call,26000.0,14050230.0,2026-05-20,20251119,20260524
3227273770068398,ضهرم3011,اهرم,call,16000.0,14040408.0,2025-06-29,20250115,20250707
3347779590635452,ضهرم7036,اهرم,call,22000.0,14040730.0,2025-10-22,20250521,20251026
3588676268840746,ضهرم1029,اهرم,call,38000.0,14041024.0,2026-01-14,20251222,20260120
3610329689239174,ضهرم0123,اهرم,call,30000.0,14040127.0,2025-04-16,20241223,20250420
3729523725493580,ضهرم4023,اهرم,call,20000.0,14050431.0,2026-07-22,20260218,20260621
3840234761219367,ضهرم1120,اهرم,call,20000.0,14041129.0,2026-02-18,20250917,20260222
4004388680657267,ضهرم0113,اهرم,call,13000.0,14040127.0,2025-04-16,20241120,20250420
4124452253897536,ضهرم9021,اهرم,call,28000.0,14040926.0,2025-12-17,20250721,20251222
4129260625370116,ضهرم7041,اهرم,call,34000.0,14040730.0,2025-10-22,20250521,20251026
4145354871965704,طهرم5022,اهرم,put,34000.0,14040529.0,2025-08-20,20250312,20250823
4179394008695146,ضهرم6029,اهرم,call,24000.0,14040626.0,2025-09-17,20250416,20250921
4306573301276387,طهرم1017,اهرم,put,13000.0,14041024.0,2026-01-14,20250820,20260120
4477420230579361,طهرم1019,اهرم,put,15000.0,14041024.0,2026-01-14,20250820,20260120
4524833994206415,ضهرم3027,اهرم,call,38000.0,14050327.0,2026-06-17,20260114,20260621
4533129089365477,ضهرم0115,اهرم,call,15000.0,14040127.0,2025-04-16,20241120,20250420
4653326078614744,طهرم7046,اهرم,put,15000.0,14040730.0,2025-10-22,20250730,20251026
4667225914205056,ضهرم1248,اهرم,call,16000.0,14050230.0,2026-05-20,20251022,20260524
5078475730094392,طهرم1255,اهرم,put,30000.0,14050230.0,2026-05-20,20251022,20260524
5124208618745640,ضهرم1031,اهرم,call,46000.0,14041024.0,2026-01-14,20260110,20260120
5146497788222540,طهرم1257,اهرم,put,38000.0,14050230.0,2026-05-20,20251022,20260524
5157738816602104,طهرم5031,اهرم,put,38000.0,14050528.0,2026-08-19,20260607,20260621
5223496086407692,طهرم9022,اهرم,put,30000.0,14040926.0,2025-12-17,20250721,20251222
5246164107421164,ضهرم1020,اهرم,call,16000.0,14041024.0,2026-01-14,20250820,20260120
5598968249708051,ضهرم1127,اهرم,call,38000.0,14041129.0,2026-02-18,20251222,20260222
5711469994977832,ضهرم1260,اهرم,call,50000.0,14050230.0,2026-05-20,20260110,20260524
5917080551580748,طهرم1114,اهرم,put,12000.0,14041129.0,2026-02-18,20250917,20260222
6163437750088862,ضهرم1129,اهرم,call,46000.0,14041129.0,2026-02-18,20260110,20260222
6414412694925150,ضهرم4027,اهرم,call,28000.0,14050431.0,2026-07-22,20260218,20260621
6516175861369079,ضهرم6039,اهرم,call,15000.0,14040626.0,2025-09-17,20250804,20250921
6716227078431864,ضهرم4020,اهرم,call,34000.0,14040425.0,2025-07-16,20250211,20250722
6909772749489971,ضهرم2015,اهرم,call,22000.0,14040231.0,2025-05-21,20241218,20250525
7272500625536549,ضهرم5016,اهرم,call,20000.0,14040529.0,2025-08-20,20250312,20250823
7281803575716151,طهرم1027,اهرم,put,30000.0,14041024.0,2026-01-14,20251015,20260120
7289360616560476,طهرم6026,اهرم,put,18000.0,14040626.0,2025-09-17,20250416,20250921
7413427108041852,ضهرم4028,اهرم,call,30000.0,14050431.0,2026-07-22,20260218,20260621
7601281576818295,طهرم5034,اهرم,put,50000.0,14050528.0,2026-08-19,20260607,20260621
7824762572915144,طهرم6027,اهرم,put,20000.0,14040626.0,2025-09-17,20250416,20250921
7924980879273200,ضهرم2034,اهرم,call,50000.0,14050230.0,2026-05-20,20251217,20260524
8087683104762883,ضهرم0111,اهرم,call,11000.0,14040127.0,2025-04-16,20241120,20250420
8356618500560464,طهرم7047,اهرم,put,16000.0,14040730.0,2025-10-22,20250730,20251026
8388211109168126,طهرم1117,اهرم,put,15000.0,14041129.0,2026-02-18,20250917,20260222
8524937055422928,طهرم3021,اهرم,put,42000.0,14040408.0,2025-06-29,20250115,20250707
8546590890598583,ضهرم1018,اهرم,call,14000.0,14041024.0,2026-01-14,20250820,20260120
8734880282126160,ضهرم6038,اهرم,call,14000.0,14040626.0,2025-09-17,20250804,20250921
8762680660117265,ضهرم8013,اهرم,call,14000.0,14040828.0,2025-11-19,20250715,20251123
8898930095586153,ضهرم6028,اهرم,call,22000.0,14040626.0,2025-09-17,20250416,20250921
8947315406793051,ضهرم0114,اهرم,call,14000.0,14040127.0,2025-04-16,20241120,20250420
9538218081776543,ضهرم1116,اهرم,call,14000.0,14041129.0,2026-02-18,20250917,20260222
9720245617182954,ضهرم1024,اهرم,call,24000.0,14041024.0,2026-01-14,20250820,20260120
10166331302919666,ضهرم1125,اهرم,call,30000.0,14041129.0,2026-02-18,20250917,20260222
10304951535800727,ضهرم5019,اهرم,call,26000.0,14040529.0,2025-08-20,20250312,20250823
11127164889944593,طهرم5027,اهرم,put,26000.0,14050528.0,2026-08-19,20260607,20260621
11207358714695236,ضهرم5017,اهرم,call,22000.0,14040529.0,2025-08-20,20250312,20250823
11266877358704193,ضهرم5027,اهرم,call,26000.0,14050528.0,2026-08-19,20260607,20260621
11904328092002274,طهرم1247,اهرم,put,15000.0,14050230.0,2026-05-20,20251022,20260524
12065179656314493,طهرم0116,اهرم,put,16000.0,14040127.0,2025-04-16,20241120,20250420
12218508429243623,طهرم3028,اهرم,put,42000.0,14050327.0,2026-06-17,20260114,20260621
12362657578082923,ضهرم3014,اهرم,call,22000.0,14040408.0,2025-06-29,20250115,20250707
12664961322836311,طهرم8018,اهرم,put,22000.0,14040828.0,2025-11-19,20250715,20251123
12665178472258984,ضهرم5023,اهرم,call,38000.0,14040529.0,2025-08-20,20250312,20250823
12998578961084515,طهرم0111,اهرم,put,11000.0,14040127.0,2025-04-16,20241120,20250420
13073520458900543,ضهرم1015,اهرم,call,11000.0,14041024.0,2026-01-14,20250820,20260120
13157274243357871,ضهرم7042,اهرم,call,38000.0,14040730.0,2025-10-22,20250521,20251026
13393245653775665,ضهرم1126,اهرم,call,34000.0,14041129.0,2026-02-18,20250917,20260222
13865917654059410,ضهرم3029,اهرم,call,46000.0,14050327.0,2026-06-17,20260114,20260621
14279517997974452,طهرم9020,اهرم,put,26000.0,14040926.0,2025-12-17,20250721,20251222
14450561642482975,ضهرم7047,اهرم,call,16000.0,14040730.0,2025-10-22,20250730,20251026
14709829877501732,طهرم2011,اهرم,put,15000.0,14040231.0,2025-05-21,20241218,20250525
14769441843715048,طهرم7043,اهرم,put,42000.0,14040730.0,2025-10-22,20250521,20251026
14863939040247059,ضهرم5024,اهرم,call,42000.0,14040529.0,2025-08-20,20250312,20250823
15274373374368498,طهرم0123,اهرم,put,30000.0,14040127.0,2025-04-16,20241223,20250420
15442104301634639,ضهرم5015,اهرم,call,18000.0,14040529.0,2025-08-20,20250312,20250823
15482271722076627,ضهرم1123,اهرم,call,26000.0,14041129.0,2026-02-18,20250917,20260222
15768481490650461,ضهرم0122,اهرم,call,28000.0,14040127.0,2025-04-16,20241120,20250420
16235806749351169,ضهرم1114,اهرم,call,12000.0,14041129.0,2026-02-18,20250917,20260222
16500107627969006,ضهرم9023,اهرم,call,34000.0,14040926.0,2025-12-17,20250721,20251222
16910925452660910,ضهرم1028,اهرم,call,34000.0,14041024.0,2026-01-14,20251015,20260120
17070956186734606,طهرم0132,اهرم,put,28000.0,14050230.0,2026-05-20,20251119,20260524
17277380593629444,طهرم1126,اهرم,put,34000.0,14041129.0,2026-02-18,20250917,20260222
17459585154356016,طهرم1259,اهرم,put,46000.0,14050230.0,2026-05-20,20260110,20260524
18006551998802546,ضهرم0124,اهرم,call,34000.0,14040127.0,2025-04-16,20241223,20250420
18058227717273878,طهرم4025,اهرم,put,24000.0,14050431.0,2026-07-22,20260218,20260621
18319385530313680,طهرم1030,اهرم,put,42000.0,14041024.0,2026-01-14,20251222,20260120
18550952003471789,ضهرم1019,اهرم,call,15000.0,14041024.0,2026-01-14,20250820,20260120
18857032649323551,طهرم9012,اهرم,put,13000.0,14040926.0,2025-12-17,20250721,20251222
19119603381147142,ضهرم5034,اهرم,call,50000.0,14050528.0,2026-08-19,20260607,20260621
19155230758003342,طهرم3027,اهرم,put,38000.0,14050327.0,2026-06-17,20260114,20260621
19163091027032227,طهرم2030,اهرم,put,34000.0,14050230.0,2026-05-20,20251217,20260524
19359429951377416,طهرم1252,اهرم,put,24000.0,14050230.0,2026-05-20,20251022,20260524
19517878501482490,طهرم7041,اهرم,put,34000.0,14040730.0,2025-10-22,20250521,20251026
19518574358452264,طهرم5025,اهرم,put,22000.0,14050528.0,2026-08-19,20260607,20260621
19645358659912323,ضهرم1027,اهرم,call,30000.0,14041024.0,2026-01-14,20251015,20260120
19786287369819846,ضهرم2021,اهرم,call,38000.0,14040231.0,2025-05-21,20241218,20250525
19936365665953565,ضهرم9016,اهرم,call,18000.0,14040926.0,2025-12-17,20250721,20251222
20123227921989684,طهرم1022,اهرم,put,20000.0,14041024.0,2026-01-14,20250820,20260120
20305746973390733,ضهرم5029,اهرم,call,30000.0,14050528.0,2026-08-19,20260607,20260621
20404531251175936,طهرم8022,اهرم,put,30000.0,14040828.0,2025-11-19,20250715,20251123
20426259368291332,ضهرم3033,اهرم,call,68000.0,14050327.0,2026-06-17,20260114,20260621
20448100369545095,طهرم4031,اهرم,put,42000.0,14050431.0,2026-07-22,20260218,20260621
20493461221047096,ضهرم3020,اهرم,call,38000.0,14040408.0,2025-06-29,20250115,20250707
20644622483465167,طهرم6038,اهرم,put,14000.0,14040626.0,2025-09-17,20250804,20250921
20740782612661487,ضهرم7037,اهرم,call,24000.0,14040730.0,2025-10-22,20250521,20251026
21047933409546597,ضهرم5030,اهرم,call,34000.0,14050528.0,2026-08-19,20260607,20260621
21103883377941566,ضهرم4025,اهرم,call,24000.0,14050431.0,2026-07-22,20260218,20260621
21291889032847368,ضهرم1025,اهرم,call,26000.0,14041024.0,2026-01-14,20250820,20260120
21555525821610177,ضهرم8019,اهرم,call,24000.0,14040828.0,2025-11-19,20250715,20251123
21717746919880086,ضهرم3017,اهرم,call,28000.0,14040408.0,2025-06-29,20250115,20250707
21973914864339411,ضهرم1253,اهرم,call,26000.0,14050230.0,2026-05-20,20251022,20260524
22001678137646822,ضهرم6033,اهرم,call,34000.0,14040626.0,2025-09-17,20250416,20250921
22275919747618535,ضهرم6032,اهرم,call,30000.0,14040626.0,2025-09-17,20250416,20250921
22400137801742252,ضهرم0133,اهرم,call,30000.0,14050230.0,2026-05-20,20251119,20260524
22551375341508398,طهرم6028,اهرم,put,22000.0,14040626.0,2025-09-17,20250416,20250921
22740607057042087,طهرم2017,اهرم,put,26000.0,14040231.0,2025-05-21,20241218,20250525
22756925045204226,طهرم0114,اهرم,put,14000.0,14040127.0,2025-04-16,20241120,20250420
22890624801346952,طهرم4029,اهرم,put,34000.0,14050431.0,2026-07-22,20260218,20260621
23118025196114187,ضهرم4012,اهرم,call,16000.0,14040425.0,2025-07-16,20250211,20250722
23368996807956154,ضهرم5026,اهرم,call,24000.0,14050528.0,2026-08-19,20260607,20260621
23421627803822970,طهرم4033,اهرم,put,50000.0,14050431.0,2026-07-22,20260218,20260621
23461634353883955,ضهرم4026,اهرم,call,26000.0,14050431.0,2026-07-22,20260218,20260621
23531259372622343,ضهرم6027,اهرم,call,20000.0,14040626.0,2025-09-17,20250416,20250921
23789549767565147,ضهرم8018,اهرم,call,22000.0,14040828.0,2025-11-19,20250715,20251123
24060114264386186,طهرم6031,اهرم,put,28000.0,14040626.0,2025-09-17,20250416,20250921
24138655695047559,ضهرم2018,اهرم,call,28000.0,14040231.0,2025-05-21,20241218,20250525
24148256094066089,طهرم3019,اهرم,put,34000.0,14040408.0,2025-06-29,20250115,20250707
24192770786375212,ضهرم2016,اهرم,call,24000.0,14040231.0,2025-05-21,20241218,20250525
24733707016789172,طهرم5016,اهرم,put,20000.0,14040529.0,2025-08-20,20250312,20250823
24944682177936945,طهرم5015,اهرم,put,18000.0,14040529.0,2025-08-20,20250312,20250823
24992053456786471,طهرم5028,اهرم,put,28000.0,14050528.0,2026-08-19,20260607,20260621
25212812381289190,ضهرم0134,اهرم,call,34000.0,14050230.0,2026-05-20,20251119,20260524
25272310099881191,ضهرم5035,اهرم,call,56000.0,14050528.0,2026-08-19,20260607,20260621
26037401831903765,ضهرم5013,اهرم,call,15000.0,14040529.0,2025-08-20,20250312,20250823
26085737827096308,طهرم9023,اهرم,put,34000.0,14040926.0,2025-12-17,20250721,20251222
26119722911682958,ضهرم4017,اهرم,call,26000.0,14040425.0,2025-07-16,20250211,20250722
26229519862064876,ضهرم3022,اهرم,call,24000.0,14050327.0,2026-06-17,20260114,20260621
26237751258322432,طهرم2022,اهرم,put,42000.0,14040231.0,2025-05-21,20241218,20250525
26369050442385782,ضهرم0135,اهرم,call,38000.0,14050230.0,2026-05-20,20251119,20260524
26453533962057346,طهرم4030,اهرم,put,38000.0,14050431.0,2026-07-22,20260218,20260621
26535245631513674,ضهرم9013,اهرم,call,14000.0,14040926.0,2025-12-17,20250721,20251222
27031122233401904,ضهرم5018,اهرم,call,24000.0,14040529.0,2025-08-20,20250312,20250823
27522285775000371,طهرم3025,اهرم,put,30000.0,14050327.0,2026-06-17,20260114,20260621
27883197679035468,طهرم5017,اهرم,put,22000.0,14040529.0,2025-08-20,20250312,20250823
27927715348693071,طهرم2033,اهرم,put,46000.0,14050230.0,2026-05-20,20251217,20260524
28101485026687560,طهرم3032,اهرم,put,62000.0,14050327.0,2026-06-17,20260114,20260621
28291108785172039,ضهرم3031,اهرم,call,56000.0,14050327.0,2026-06-17,20260114,20260621
28540287641679046,طهرم2027,اهرم,put,26000.0,14050230.0,2026-05-20,20251217,20260524
28605204152792246,طهرم1026,اهرم,put,28000.0,14041024.0,2026-01-14,20250820,20260120
28735189906248428,طهرم4014,اهرم,put,20000.0,14040425.0,2025-07-16,20250211,20250722
28826630420810456,ضهرم6035,اهرم,call,42000.0,14040626.0,2025-09-17,20250416,20250921
29379813589897952,طهرم2025,اهرم,put,22000.0,14050230.0,2026-05-20,20251217,20260524
29505605576478910,طهرم4024,اهرم,put,22000.0,14050431.0,2026-07-22,20260218,20260621
29834748229490565,طهرم4012,اهرم,put,16000.0,14040425.0,2025-07-16,20250211,20250722
30261597943692677,طهرم5035,اهرم,put,56000.0,14050528.0,2026-08-19,20260607,20260621
30551365032170996,ضهرم5032,اهرم,call,42000.0,14050528.0,2026-08-19,20260607,20260621
30677791939871494,طهرم1018,اهرم,put,14000.0,14041024.0,2026-01-14,20250820,20260120
31035312888226395,ضهرم0129,اهرم,call,22000.0,14050230.0,2026-05-20,20251119,20260524
31218389110754093,طهرم0121,اهرم,put,26000.0,14040127.0,2025-04-16,20241120,20250420
31569484973713792,ضهرم0117,اهرم,call,18000.0,14040127.0,2025-04-16,20241120,20250420
32000546295435383,ضهرم2012,اهرم,call,16000.0,14040231.0,2025-05-21,20241218,20250525
32154096324950679,ضهرم0120,اهرم,call,24000.0,14040127.0,2025-04-16,20241120,20250420
32354743694451270,ضهرم0121,اهرم,call,26000.0,14040127.0,2025-04-16,20241120,20250420
32656070444892732,طهرم8015,اهرم,put,16000.0,14040828.0,2025-11-19,20250715,20251123
32703798630728948,طهرم2026,اهرم,put,24000.0,14050230.0,2026-05-20,20251217,20260524
32757788378828863,ضهرم2031,اهرم,call,38000.0,14050230.0,2026-05-20,20251217,20260524
32869913399350012,طهرم7035,اهرم,put,20000.0,14040730.0,2025-10-22,20250521,20251026
32915316254526217,ضهرم5033,اهرم,call,46000.0,14050528.0,2026-08-19,20260607,20260621
33211529028073723,ضهرم4011,اهرم,call,15000.0,14040425.0,2025-07-16,20250211,20250722
33370689631988382,ضهرم3032,اهرم,call,62000.0,14050327.0,2026-06-17,20260114,20260621
33693096526492029,ضهرم8016,اهرم,call,18000.0,14040828.0,2025-11-19,20250715,20251123
34167394837806871,ضهرم6031,اهرم,call,28000.0,14040626.0,2025-09-17,20250416,20250921
34195908509313736,طهرم4011,اهرم,put,15000.0,14040425.0,2025-07-16,20250211,20250722
34336268831254964,ضهرم3026,اهرم,call,34000.0,14050327.0,2026-06-17,20260114,20260621
34509234031352997,ضهرم3012,اهرم,call,18000.0,14040408.0,2025-06-29,20250115,20250707
34603189070221050,طهرم0131,اهرم,put,26000.0,14050230.0,2026-05-20,20251119,20260524
35075125161995864,طهرم0119,اهرم,put,22000.0,14040127.0,2025-04-16,20241120,20250420
35100020715242984,طهرم8013,اهرم,put,14000.0,14040828.0,2025-11-19,20250715,20251123
36036980044465000,طهرم7034,اهرم,put,18000.0,14040730.0,2025-10-22,20250521,20251026
36068652395159397,ضهرم4021,اهرم,call,38000.0,14040425.0,2025-07-16,20250211,20250722
36106660540656243,طهرم1029,اهرم,put,38000.0,14041024.0,2026-01-14,20251222,20260120
36107021652464152,ضهرم8014,اهرم,call,15000.0,14040828.0,2025-11-19,20250715,20251123
36234363815372312,طهرم8021,اهرم,put,28000.0,14040828.0,2025-11-19,20250715,20251123
36259547857801927,ضهرم3019,اهرم,call,34000.0,14040408.0,2025-06-29,20250115,20250707
36684543821015531,طهرم0134,اهرم,put,34000.0,14050230.0,2026-05-20,20251119,20260524
36724561440933173,طهرم2028,اهرم,put,28000.0,14050230.0,2026-05-20,20251217,20260524
36793980827689170,ضهرم5021,اهرم,call,30000.0,14040529.0,2025-08-20,20250312,20250823
36821829744824542,ضهرم4018,اهرم,call,28000.0,14040425.0,2025-07-16,20250211,20250722
36859556046206094,ضهرم1117,اهرم,call,15000.0,14041129.0,2026-02-18,20250917,20260222
37122324350938684,ضهرم3021,اهرم,call,42000.0,14040408.0,2025-06-29,20250115,20250707
37328730577972658,طهرم9014,اهرم,put,15000.0,14040926.0,2025-12-17,20250721,20251222
37597293331620797,طهرم5032,اهرم,put,42000.0,14050528.0,2026-08-19,20260607,20260621
37604404956011240,طهرم2023,اهرم,put,18000.0,14050230.0,2026-05-20,20251217,20260524
38100309883544834,طهرم2024,اهرم,put,20000.0,14050230.0,2026-05-20,20251217,20260524
38115281914148577,طهرم7037,اهرم,put,24000.0,14040730.0,2025-10-22,20250521,20251026
38187189116529877,طهرم6030,اهرم,put,26000.0,14040626.0,2025-09-17,20250416,20250921
38252683623515619,ضهرم4033,اهرم,call,50000.0,14050431.0,2026-07-22,20260218,20260621
38609923536892700,طهرم3014,اهرم,put,22000.0,14040408.0,2025-06-29,20250115,20250707
38724637674498295,طهرم4027,اهرم,put,28000.0,14050431.0,2026-07-22,20260218,20260621
38796480469071781,ضهرم1023,اهرم,call,22000.0,14041024.0,2026-01-14,20250820,20260120
38862348028291837,طهرم4019,اهرم,put,30000.0,14040425.0,2025-07-16,20250211,20250722
38936588975580072,طهرم1256,اهرم,put,34000.0,14050230.0,2026-05-20,20251022,20260524
39023204958112078,طهرم2032,اهرم,put,42000.0,14050230.0,2026-05-20,20251217,20260524
39292739359711437,ضهرم1130,اهرم,call,50000.0,14041129.0,2026-02-18,20260110,20260222
39422100661067898,طهرم1028,اهرم,put,34000.0,14041024.0,2026-01-14,20251015,20260120
39487894467606317,ضهرم3015,اهرم,call,24000.0,14040408.0,2025-06-29,20250115,20250707
39527515363583995,ضهرم7045,اهرم,call,50000.0,14040730.0,2025-10-22,20250521,20251026
39864868946620841,ضهرم2033,اهرم,call,46000.0,14050230.0,2026-05-20,20251217,20260524
39919117048681660,طهرم0115,اهرم,put,15000.0,14040127.0,2025-04-16,20241120,20250420
40311106823462785,طهرم3022,اهرم,put,24000.0,14050327.0,2026-06-17,20260114,20260621
40383001516337984,ضهرم4013,اهرم,call,18000.0,14040425.0,2025-07-16,20250211,20250722
40557617681963164,طهرم7044,اهرم,put,46000.0,14040730.0,2025-10-22,20250521,20251026
40558832037244191,ضهرم1257,اهرم,call,38000.0,14050230.0,2026-05-20,20251022,20260524
41350731530215753,طهرم7036,اهرم,put,22000.0,14040730.0,2025-10-22,20250521,20251026
41374488277531570,طهرم0137,اهرم,put,46000.0,14050230.0,2026-05-20,20260110,20260524
41386417137111037,ضهرم0130,اهرم,call,24000.0,14050230.0,2026-05-20,20251119,20260524
41470068537775817,طهرم9018,اهرم,put,22000.0,14040926.0,2025-12-17,20250721,20251222
41881192827429663,طهرم7042,اهرم,put,38000.0,14040730.0,2025-10-22,20250521,20251026
41894074369681555,طهرم3012,اهرم,put,18000.0,14040408.0,2025-06-29,20250115,20250707
41920531718601173,ضهرم9018,اهرم,call,22000.0,14040926.0,2025-12-17,20250721,20251222
42021663194734070,ضهرم2027,اهرم,call,26000.0,14050230.0,2026-05-20,20251217,20260524
42093883945911383,ضهرم6034,اهرم,call,38000.0,14040626.0,2025-09-17,20250416,20250921
42238761619422991,ضهرم4030,اهرم,call,38000.0,14050431.0,2026-07-22,20260218,20260621
42252476091949610,طهرم7045,اهرم,put,50000.0,14040730.0,2025-10-22,20250521,20251026
42320626971733895,ضهرم1259,اهرم,call,46000.0,14050230.0,2026-05-20,20260110,20260524
42499861791474269,ضهرم1032,اهرم,call,50000.0,14041024.0,2026-01-14,20260110,20260120
42785364079179005,ضهرم4022,اهرم,call,42000.0,14040425.0,2025-07-16,20250211,20250722
42880399142312022,ضهرم0137,اهرم,call,46000.0,14050230.0,2026-05-20,20260110,20260524
43013317830228259,طهرم4021,اهرم,put,38000.0,14040425.0,2025-07-16,20250211,20250722
43039102400633347,طهرم1123,اهرم,put,26000.0,14041129.0,2026-02-18,20250917,20260222
43057017953483337,طهرم0130,اهرم,put,24000.0,14050230.0,2026-05-20,20251119,20260524
43157535994579697,ضهرم4016,اهرم,call,24000.0,14040425.0,2025-07-16,20250211,20250722
43380935815393617,طهرم4023,اهرم,put,20000.0,14050431.0,2026-07-22,20260218,20260621
43424284278507782,ضهرم4032,اهرم,call,46000.0,14050431.0,2026-07-22,20260218,20260621
43517203375176608,طهرم1120,اهرم,put,20000.0,14041129.0,2026-02-18,20250917,20260222
44325803780869228,ضهرم1118,اهرم,call,16000.0,14041129.0,2026-02-18,20250917,20260222
44488493747835056,طهرم3018,اهرم,put,30000.0,14040408.0,2025-06-29,20250115,20250707
44529390480225743,طهرم7049,اهرم,put,14000.0,14040730.0,2025-10-22,20250817,20251026
44547132577029247,طهرم0125,اهرم,put,15000.0,14050230.0,2026-05-20,20251119,20260524
44787840026981622,ضهرم1251,اهرم,call,22000.0,14050230.0,2026-05-20,20251022,20260524
44851953395221706,ضهرم9022,اهرم,call,30000.0,14040926.0,2025-12-17,20250721,20251222
44866471675053981,ضهرم2017,اهرم,call,26000.0,14040231.0,2025-05-21,20241218,20250525
44895896646672944,طهرم6025,اهرم,put,16000.0,14040626.0,2025-09-17,20250416,20250921
45048055729279817,ضهرم5020,اهرم,call,28000.0,14040529.0,2025-08-20,20250312,20250823
45269824327695015,ضهرم2024,اهرم,call,20000.0,14050230.0,2026-05-20,20251217,20260524
45533205619346421,طهرم9015,اهرم,put,16000.0,14040926.0,2025-12-17,20250721,20251222
45802169013220092,طهرم5033,اهرم,put,46000.0,14050528.0,2026-08-19,20260607,20260621
45888844789735282,ضهرم2022,اهرم,call,42000.0,14040231.0,2025-05-21,20241218,20250525
46035351618406329,طهرم1015,اهرم,put,11000.0,14041024.0,2026-01-14,20250820,20260120
46248032855405745,طهرم9013,اهرم,put,14000.0,14040926.0,2025-12-17,20250721,20251222
46319707895314419,طهرم5029,اهرم,put,30000.0,14050528.0,2026-08-19,20260607,20260621
46538957071952600,طهرم0129,اهرم,put,22000.0,14050230.0,2026-05-20,20251119,20260524
46760322439314334,ضهرم2025,اهرم,call,22000.0,14050230.0,2026-05-20,20251217,20260524
46895458247869491,طهرم7040,اهرم,put,30000.0,14040730.0,2025-10-22,20250521,20251026
46939573821736840,طهرم1025,اهرم,put,26000.0,14041024.0,2026-01-14,20250820,20260120
47634037470877419,ضهرم7043,اهرم,call,42000.0,14040730.0,2025-10-22,20250521,20251026
47662309984168266,ضهرم9020,اهرم,call,26000.0,14040926.0,2025-12-17,20250721,20251222
47672734424023269,طهرم2013,اهرم,put,18000.0,14040231.0,2025-05-21,20241218,20250525
47721135229359235,طهرم6036,اهرم,put,46000.0,14040626.0,2025-09-17,20250416,20250921
47852578194178301,ضهرم1119,اهرم,call,18000.0,14041129.0,2026-02-18,20250917,20260222
47906016896117122,طهرم7038,اهرم,put,26000.0,14040730.0,2025-10-22,20250521,20251026
47943111936517968,ضهرم1254,اهرم,call,28000.0,14050230.0,2026-05-20,20251022,20260524
48235107799025311,ضهرم9019,اهرم,call,24000.0,14040926.0,2025-12-17,20250721,20251222
48454925689113910,طهرم1021,اهرم,put,18000.0,14041024.0,2026-01-14,20250820,20260120
48470217067843282,ضهرم6025,اهرم,call,16000.0,14040626.0,2025-09-17,20250416,20250921
48618000409377714,ضهرم3023,اهرم,call,26000.0,14050327.0,2026-06-17,20260114,20260621
48682553966909258,طهرم4017,اهرم,put,26000.0,14040425.0,2025-07-16,20250211,20250722
48858495989093455,ضهرم1250,اهرم,call,20000.0,14050230.0,2026-05-20,20251022,20260524
49062621750933617,ضهرم1255,اهرم,call,30000.0,14050230.0,2026-05-20,20251022,20260524
49102307084611340,طهرم1024,اهرم,put,24000.0,14041024.0,2026-01-14,20250820,20260120
49245497424308718,طهرم8016,اهرم,put,18000.0,14040828.0,2025-11-19,20250715,20251123
49265987478056943,ضهرم2013,اهرم,call,18000.0,14040231.0,2025-05-21,20241218,20250525
49579773578382562,طهرم4013,اهرم,put,18000.0,14040425.0,2025-07-16,20250211,20250722
50013010619599393,طهرم1115,اهرم,put,13000.0,14041129.0,2026-02-18,20250917,20260222
50071284391589412,طهرم4022,اهرم,put,42000.0,14040425.0,2025-07-16,20250211,20250722
50103696486207161,طهرم1116,اهرم,put,14000.0,14041129.0,2026-02-18,20250917,20260222
50209378899457919,ضهرم8017,اهرم,call,20000.0,14040828.0,2025-11-19,20250715,20251123
50586946326510190,ضهرم5014,اهرم,call,16000.0,14040529.0,2025-08-20,20250312,20250823
51087679066328432,طهرم0127,اهرم,put,18000.0,14050230.0,2026-05-20,20251119,20260524
51148447290565328,ضهرم3030,اهرم,call,50000.0,14050327.0,2026-06-17,20260114,20260621
51257270993939507,ضهرم0116,اهرم,call,16000.0,14040127.0,2025-04-16,20241120,20250420
51282860554785697,طهرم0133,اهرم,put,30000.0,14050230.0,2026-05-20,20251119,20260524
51593230324570112,ضهرم8020,اهرم,call,26000.0,14040828.0,2025-11-19,20250715,20251123
51626102990431657,ضهرم3028,اهرم,call,42000.0,14050327.0,2026-06-17,20260114,20260621
51667635124926114,ضهرم7038,اهرم,call,26000.0,14040730.0,2025-10-22,20250521,20251026
51684389664459433,طهرم2029,اهرم,put,30000.0,14050230.0,2026-05-20,20251217,20260524
51799607585806880,طهرم3017,اهرم,put,28000.0,14040408.0,2025-06-29,20250115,20250707
51808390912384260,طهرم3026,اهرم,put,34000.0,14050327.0,2026-06-17,20260114,20260621
51827471850690535,طهرم5023,اهرم,put,38000.0,14040529.0,2025-08-20,20250312,20250823
51846942226616853,ضهرم8023,اهرم,call,34000.0,14040828.0,2025-11-19,20250715,20251123
51956206772069182,طهرم1250,اهرم,put,20000.0,14050230.0,2026-05-20,20251022,20260524
51966908516333366,طهرم1125,اهرم,put,30000.0,14041129.0,2026-02-18,20250917,20260222
52093822456407485,طهرم1248,اهرم,put,16000.0,14050230.0,2026-05-20,20251022,20260524
52213386514244982,طهرم8019,اهرم,put,24000.0,14040828.0,2025-11-19,20250715,20251123
52299633337395949,ضهرم8015,اهرم,call,16000.0,14040828.0,2025-11-19,20250715,20251123
52493128589770103,ضهرم7039,اهرم,call,28000.0,14040730.0,2025-10-22,20250521,20251026
52544205060753154,طهرم5019,اهرم,put,26000.0,14040529.0,2025-08-20,20250312,20250823
52752124520450392,طهرم7048,اهرم,put,13000.0,14040730.0,2025-10-22,20250817,20251026
52797073753816747,ضهرم7049,اهرم,call,14000.0,14040730.0,2025-10-22,20250817,20251026
52818000569505656,ضهرم9014,اهرم,call,15000.0,14040926.0,2025-12-17,20250721,20251222
52883330857519486,ضهرم0127,اهرم,call,18000.0,14050230.0,2026-05-20,20251119,20260524
52896109725022924,ضهرم2019,اهرم,call,30000.0,14040231.0,2025-05-21,20241218,20250525
53013068094176677,ضهرم4019,اهرم,call,30000.0,14040425.0,2025-07-16,20250211,20250722
53013572462374039,ضهرم4031,اهرم,call,42000.0,14050431.0,2026-07-22,20260218,20260621
53039880770711990,ضهرم7044,اهرم,call,46000.0,14040730.0,2025-10-22,20250521,20251026
53075453782589208,ضهرم1022,اهرم,call,20000.0,14041024.0,2026-01-14,20250820,20260120
53276105370044036,طهرم2021,اهرم,put,38000.0,14040231.0,2025-05-21,20241218,20250525
53306636517675082,طهرم0120,اهرم,put,24000.0,14040127.0,2025-04-16,20241120,20250420
53464611901841875,ضهرم0118,اهرم,call,20000.0,14040127.0,2025-04-16,20241120,20250420
54192702680862434,طهرم8023,اهرم,put,34000.0,14040828.0,2025-11-19,20250715,20251123
54268440819774423,طهرم5014,اهرم,put,16000.0,14040529.0,2025-08-20,20250312,20250823
54335433030833614,طهرم1121,اهرم,put,22000.0,14041129.0,2026-02-18,20250917,20260222
54381542514090476,ضهرم4014,اهرم,call,20000.0,14040425.0,2025-07-16,20250211,20250722
54399353945462220,طهرم0138,اهرم,put,50000.0,14050230.0,2026-05-20,20260110,20260524
54520421133763083,طهرم1119,اهرم,put,18000.0,14041129.0,2026-02-18,20250917,20260222
54791352010765390,طهرم5020,اهرم,put,28000.0,14040529.0,2025-08-20,20250312,20250823
55036784936540446,طهرم4016,اهرم,put,24000.0,14040425.0,2025-07-16,20250211,20250722
55077928275794444,طهرم2018,اهرم,put,28000.0,14040231.0,2025-05-21,20241218,20250525
55155880717588149,ضهرم4029,اهرم,call,34000.0,14050431.0,2026-07-22,20260218,20260621
55585719749691406,ضهرم2030,اهرم,call,34000.0,14050230.0,2026-05-20,20251217,20260524
55755822186886559,طهرم2020,اهرم,put,34000.0,14040231.0,2025-05-21,20241218,20250525
55837275268239780,ضهرم2026,اهرم,call,24000.0,14050230.0,2026-05-20,20251217,20260524
55842274896324317,طهرم9016,اهرم,put,18000.0,14040926.0,2025-12-17,20250721,20251222
56361348071064734,ضهرم6026,اهرم,call,18000.0,14040626.0,2025-09-17,20250416,20250921
56570207361645896,طهرم4026,اهرم,put,26000.0,14050431.0,2026-07-22,20260218,20260621
56661466402912674,طهرم0117,اهرم,put,18000.0,14040127.0,2025-04-16,20241120,20250420
56902821528743695,ضهرم1124,اهرم,call,28000.0,14041129.0,2026-02-18,20250917,20260222
57043000787337533,طهرم6039,اهرم,put,15000.0,14040626.0,2025-09-17,20250804,20250921
57080102548862199,طهرم1118,اهرم,put,16000.0,14041129.0,2026-02-18,20250917,20260222
57081980754888947,ضهرم1021,اهرم,call,18000.0,14041024.0,2026-01-14,20250820,20260120
57164323162144239,ضهرم2011,اهرم,call,15000.0,14040231.0,2025-05-21,20241218,20250525
57617553076969313,ضهرم1030,اهرم,call,42000.0,14041024.0,2026-01-14,20251222,20260120
58104390345972912,طهرم4018,اهرم,put,28000.0,14040425.0,2025-07-16,20250211,20250722
58401220538126585,ضهرم1115,اهرم,call,13000.0,14041129.0,2026-02-18,20250917,20260222
58420051484617787,ضهرم2028,اهرم,call,28000.0,14050230.0,2026-05-20,20251217,20260524
58652628290274333,ضهرم4024,اهرم,call,22000.0,14050431.0,2026-07-22,20260218,20260621
58724844122447173,ضهرم5028,اهرم,call,28000.0,14050528.0,2026-08-19,20260607,20260621
58783604530134536,طهرم1129,اهرم,put,46000.0,14041129.0,2026-02-18,20260110,20260222
58893705409664622,طهرم5026,اهرم,put,24000.0,14050528.0,2026-08-19,20260607,20260621
59113320667493412,ضهرم9015,اهرم,call,16000.0,14040926.0,2025-12-17,20250721,20251222
59625724522001870,طهرم2034,اهرم,put,50000.0,14050230.0,2026-05-20,20251217,20260524
59750364556913502,طهرم1122,اهرم,put,24000.0,14041129.0,2026-02-18,20250917,20260222
59783793505039620,طهرم3015,اهرم,put,24000.0,14040408.0,2025-06-29,20250115,20250707
59792695502677424,طهرم3024,اهرم,put,28000.0,14050327.0,2026-06-17,20260114,20260621
59874482679210765,طهرم0126,اهرم,put,16000.0,14050230.0,2026-05-20,20251119,20260524
59946404453902934,طهرم1124,اهرم,put,28000.0,14041129.0,2026-02-18,20250917,20260222
60040103914365264,طهرم1254,اهرم,put,28000.0,14050230.0,2026-05-20,20251022,20260524
60082942499880147,ضهرم1252,اهرم,call,24000.0,14050230.0,2026-05-20,20251022,20260524
60120121110914823,طهرم1020,اهرم,put,16000.0,14041024.0,2026-01-14,20250820,20260120
60200515962749326,ضهرم2029,اهرم,call,30000.0,14050230.0,2026-05-20,20251217,20260524
60343226202839007,ضهرم6036,اهرم,call,46000.0,14040626.0,2025-09-17,20250416,20250921
60428022376805343,طهرم5013,اهرم,put,15000.0,14040529.0,2025-08-20,20250312,20250823
60439382950908162,ضهرم0119,اهرم,call,22000.0,14040127.0,2025-04-16,20241120,20250420
60576602165722316,طهرم1128,اهرم,put,42000.0,14041129.0,2026-02-18,20251222,20260222
60837444546314826,طهرم2019,اهرم,put,30000.0,14040231.0,2025-05-21,20241218,20250525
60856388378798051,ضهرم7035,اهرم,call,20000.0,14040730.0,2025-10-22,20250521,20251026
60928509878033766,طهرم9021,اهرم,put,28000.0,14040926.0,2025-12-17,20250721,20251222
61191292609908700,طهرم1031,اهرم,put,46000.0,14041024.0,2026-01-14,20260110,20260120
61705395530235616,ضهرم1017,اهرم,call,13000.0,14041024.0,2026-01-14,20250820,20260120
61903519488997646,طهرم6032,اهرم,put,30000.0,14040626.0,2025-09-17,20250416,20250921
61991806614212315,طهرم2031,اهرم,put,38000.0,14050230.0,2026-05-20,20251217,20260524
62029507720066031,ضهرم0128,اهرم,call,20000.0,14050230.0,2026-05-20,20251119,20260524
62171799977328589,ضهرم5025,اهرم,call,22000.0,14050528.0,2026-08-19,20260607,20260621
62379010499265738,طهرم6037,اهرم,put,13000.0,14040626.0,2025-09-17,20250804,20250921
62630716381380677,طهرم0112,اهرم,put,12000.0,14040127.0,2025-04-16,20241120,20250420
62687580380071864,طهرم8014,اهرم,put,15000.0,14040828.0,2025-11-19,20250715,20251123
62755328854023622,ضهرم1258,اهرم,call,42000.0,14050230.0,2026-05-20,20251022,20260524
62832960398915675,طهرم1249,اهرم,put,18000.0,14050230.0,2026-05-20,20251022,20260524
62929211353278425,طهرم3020,اهرم,put,38000.0,14040408.0,2025-06-29,20250115,20250707
62959435913144777,ضهرم3018,اهرم,call,30000.0,14040408.0,2025-06-29,20250115,20250707
63185775846688586,ضهرم1121,اهرم,call,22000.0,14041129.0,2026-02-18,20250917,20260222
63704153876314965,طهرم0128,اهرم,put,20000.0,14050230.0,2026-05-20,20251119,20260524
63948382312383731,طهرم3030,اهرم,put,50000.0,14050327.0,2026-06-17,20260114,20260621
63950982682447060,طهرم0113,اهرم,put,13000.0,14040127.0,2025-04-16,20241120,20250420
63956090168648960,طهرم5021,اهرم,put,30000.0,14040529.0,2025-08-20,20250312,20250823
64126547622574254,طهرم1130,اهرم,put,50000.0,14041129.0,2026-02-18,20260110,20260222
64243770210629254,ضهرم2014,اهرم,call,20000.0,14040231.0,2025-05-21,20241218,20250525
64472175120304545,ضهرم0126,اهرم,call,16000.0,14050230.0,2026-05-20,20251119,20260524
64513711037687311,طهرم5024,اهرم,put,42000.0,14040529.0,2025-08-20,20250312,20250823
64907951360166774,ضهرم7048,اهرم,call,13000.0,14040730.0,2025-10-22,20250817,20251026
65159267049472995,ضهرم1256,اهرم,call,34000.0,14050230.0,2026-05-20,20251022,20260524
65341360134379193,ضهرم0112,اهرم,call,12000.0,14040127.0,2025-04-16,20241120,20250420
65524382218584714,طهرم1253,اهرم,put,26000.0,14050230.0,2026-05-20,20251022,20260524
65613314108761178,طهرم0136,اهرم,put,42000.0,14050230.0,2026-05-20,20251119,20260524
65718833905545998,ضهرم5022,اهرم,call,34000.0,14040529.0,2025-08-20,20250312,20250823
65820692901516132,ضهرم4015,اهرم,call,22000.0,14040425.0,2025-07-16,20250211,20250722
65969502986678909,طهرم2014,اهرم,put,20000.0,14040231.0,2025-05-21,20241218,20250525
66300961304367770,ضهرم1026,اهرم,call,28000.0,14041024.0,2026-01-14,20250820,20260120
66788889034887686,ضهرم2020,اهرم,call,34000.0,14040231.0,2025-05-21,20241218,20250525
66876923576629561,طهرم0124,اهرم,put,34000.0,14040127.0,2025-04-16,20241223,20250420
66935541944908181,طهرم1016,اهرم,put,12000.0,14041024.0,2026-01-14,20250820,20260120
66944857655967446,طهرم8017,اهرم,put,20000.0,14040828.0,2025-11-19,20250715,20251123
67162023264356993,طهرم3023,اهرم,put,26000.0,14050327.0,2026-06-17,20260114,20260621
67163193885244222,ضهرم7034,اهرم,call,18000.0,14040730.0,2025-10-22,20250521,20251026
67165975841045980,طهرم3013,اهرم,put,20000.0,14040408.0,2025-06-29,20250115,20250707
67734959435687020,طهرم4020,اهرم,put,34000.0,14040425.0,2025-07-16,20250211,20250722
67985032880690191,ضهرم9017,اهرم,call,20000.0,14040926.0,2025-12-17,20250721,20251222
68065470728167976,ضهرم1016,اهرم,call,12000.0,14041024.0,2026-01-14,20250820,20260120
68140374484894711,ضهرم7040,اهرم,call,30000.0,14040730.0,2025-10-22,20250521,20251026
68239049363713147,ضهرم3013,اهرم,call,20000.0,14040408.0,2025-06-29,20250115,20250707
68354622602836479,ضهرم5031,اهرم,call,38000.0,14050528.0,2026-08-19,20260607,20260621
68509462045282835,طهرم6033,اهرم,put,34000.0,14040626.0,2025-09-17,20250416,20250921
68641787241939454,طهرم0122,اهرم,put,28000.0,14040127.0,2025-04-16,20241120,20250420
68696813181796274,طهرم6035,اهرم,put,42000.0,14040626.0,2025-09-17,20250416,20250921
68705946085019428,طهرم4028,اهرم,put,30000.0,14050431.0,2026-07-22,20260218,20260621
68838438935468310,ضهرم0138,اهرم,call,50000.0,14050230.0,2026-05-20,20260110,20260524
69030303085084069,ضهرم2032,اهرم,call,42000.0,14050230.0,2026-05-20,20251217,20260524
69276512622839543,طهرم8020,اهرم,put,26000.0,14040828.0,2025-11-19,20250715,20251123
69537112710723457,ضهرم1247,اهرم,call,15000.0,14050230.0,2026-05-20,20251022,20260524
69559202610870699,ضهرم3016,اهرم,call,26000.0,14040408.0,2025-06-29,20250115,20250707
69569078005525248,ضهرم8012,اهرم,call,13000.0,14040828.0,2025-11-19,20250715,20251123
69672179867710574,ضهرم3024,اهرم,call,28000.0,14050327.0,2026-06-17,20260114,20260621
69672283749952852,ضهرم6030,اهرم,call,26000.0,14040626.0,2025-09-17,20250416,20250921
69719583233835704,ضهرم9012,اهرم,call,13000.0,14040926.0,2025-12-17,20250721,20251222
69939005954315687,طهرم3033,اهرم,put,68000.0,14050327.0,2026-06-17,20260114,20260621
70127501175600742,طهرم5030,اهرم,put,34000.0,14050528.0,2026-08-19,20260607,20260621
70185603791883718,طهرم9017,اهرم,put,20000.0,14040926.0,2025-12-17,20250721,20251222
70218850971385460,طهرم1260,اهرم,put,50000.0,14050230.0,2026-05-20,20260110,20260524
70344827463731656,ضهرم1128,اهرم,call,42000.0,14041129.0,2026-02-18,20251222,20260222
70345005957579018,طهرم0118,اهرم,put,20000.0,14040127.0,2025-04-16,20241120,20250420
70482781392720675,طهرم0135,اهرم,put,38000.0,14050230.0,2026-05-20,20251119,20260524
70651543074324879,طهرم1258,اهرم,put,42000.0,14050230.0,2026-05-20,20251022,20260524
70892055321743319,ضهرم1249,اهرم,call,18000.0,14050230.0,2026-05-20,20251022,20260524
71303806858517950,ضهرم8022,اهرم,call,30000.0,14040828.0,2025-11-19,20250715,20251123
71417995296772640,طهرم8012,اهرم,put,13000.0,14040828.0,2025-11-19,20250715,20251123
71535961719447311,ضهرم0125,اهرم,call,15000.0,14050230.0,2026-05-20,20251119,20260524
71640986421346982,طهرم1251,اهرم,put,22000.0,14050230.0,2026-05-20,20251022,20260524
71676612201759411,طهرم1032,اهرم,put,50000.0,14041024.0,2026-01-14,20260110,20260120
71682978096146255,طهرم7039,اهرم,put,28000.0,14040730.0,2025-10-22,20250521,20251026
71796007760737434,طهرم4032,اهرم,put,46000.0,14050431.0,2026-07-22,20260218,20260621
71802898382182423,ضهرم8021,اهرم,call,28000.0,14040828.0,2025-11-19,20250715,20251123
71855053116585906,طهرم3016,اهرم,put,26000.0,14040408.0,2025-06-29,20250115,20250707
71963145292567087,طهرم5018,اهرم,put,24000.0,14040529.0,2025-08-20,20250312,20250823
17914401175772326,اهرم,اهرم,underlying,,,,20211220,20260621
